Owner;From;To;Block Number;TimeStamp;DateTimeUTC;Value;Coin Symbol;Coin Name;Memo;Transaction Hash;Contract Address
0xc666aba09c01ccd324c0db5540d50e536952c4e2;0xc666aba09c01ccd324c0db5540d50e536952c4e2;0x05cde89ccfa0ada8c88d5a23caaa79ef129e7883;10036043;1589081358;2020-05-09 20:29:18;1330000000000000000;ETH;Ethereum;UNI-V1 (Uniswap V1);0xe28d73cd56fb45a4a7a3693069c482845bab0b40be31b0d325e4a6dcc39f191d;
0xc666aba09c01ccd324c0db5540d50e536952c4e2;0x61fc4c21b78b67d0408da673a90e4e22a0bc1342;0xc666aba09c01ccd324c0db5540d50e536952c4e2;10035996;1589080748;2020-05-09 20:19:08;1350000000000000000;ETH;Ethereum;;0xb39a6c56e81614f2bf594c06f065ea8a135cb612786ed578b59486ce49d62451;
0xc666aba09c01ccd324c0db5540d50e536952c4e2;0xc666aba09c01ccd324c0db5540d50e536952c4e2;0x0000000000000000000000000000000000000000;10036080;1589081843;2020-05-09 20:37:23;4997337922952;HEX;HEX;;0xbfe2222b4cb07ae2bea888b669012252bd1fba412bde7680fcee19617b167ce4;0x2b591e99afe9f32eaa6214f7b7629768c40eeb39
0x9ad227d56a36b33407916f3293db2d298095dca9;0x9ad227d56a36b33407916f3293db2d298095dca9;0x7cf22917643f15520121a6eece65be4a609cce5b;10388221;1593803209;2020-07-03 12:06:49;30000000000000000;ETH;Ethereum;;0xe38780bcfcd4e5bd0ff1a6d3adf79f2a22782900378d39769bb2628f9f818f77;
0x9ad227d56a36b33407916f3293db2d298095dca9;0x9ad227d56a36b33407916f3293db2d298095dca9;0x2b9ced840d9072f2f3d6d66275381aba530c6420;10316659;1592843477;2020-06-22 09:31:17;60000000000000000;ETH;Ethereum;;0xc0df1312b653c82bab14100eeae30c8c98767b6d5674ef576d71d1445e897f69;
0x9ad227d56a36b33407916f3293db2d298095dca9;0x9ad227d56a36b33407916f3293db2d298095dca9;0x7cf22917643f15520121a6eece65be4a609cce5b;10297970;1592593642;2020-06-19 12:07:22;3100000000000000000;ETH;Ethereum;;0x14b19c55a2992b45a5dda124546c898f25bec221e7bcf3a11a3ad2ed4a97e7f9;
0x9ad227d56a36b33407916f3293db2d298095dca9;0x9ad227d56a36b33407916f3293db2d298095dca9;0x7cf22917643f15520121a6eece65be4a609cce5b;10297951;1592593388;2020-06-19 12:03:08;13763680419122462;ETH;Ethereum;;0x5280fddda485c02a4469470323389895c54074d8641aea4444be66a458d1c273;
0x9ad227d56a36b33407916f3293db2d298095dca9;0x9ad227d56a36b33407916f3293db2d298095dca9;0x7a250d5630b4cf539739df2c5dacb4c659f2488d;10241718;1591842484;2020-06-10 19:28:04;3000000000000000000;ETH;Ethereum;;0x0ab8a432d36ef4fee66c8771541dd0e65288127cc6c42fb21b2c615d90fb51d5;
0x9ad227d56a36b33407916f3293db2d298095dca9;0x9ad227d56a36b33407916f3293db2d298095dca9;0x7a250d5630b4cf539739df2c5dacb4c659f2488d;10238441;1591798289;2020-06-10 07:11:29;3000000000000000000;ETH;Ethereum;;0x66b89bbb26b0c437c00e46b51e91a5c3b7d0b3c82a00bd8f8e11109de3a01868;
0x9ad227d56a36b33407916f3293db2d298095dca9;0x7cf22917643f15520121a6eece65be4a609cce5b;0x9ad227d56a36b33407916f3293db2d298095dca9;10234612;1591746637;2020-06-09 16:50:37;500000000000000000;ETH;Ethereum;;0x7c995b3f3aaf0609a18c724bd4f44942a2360eb158763897770a558f0597f878;
0x9ad227d56a36b33407916f3293db2d298095dca9;0x9ad227d56a36b33407916f3293db2d298095dca9;0x7a250d5630b4cf539739df2c5dacb4c659f2488d;10215809;1591495116;2020-06-06 18:58:36;5300000000000000000;ETH;Ethereum;;0x72e19fb64ea37fb853155cce0b44aeb05677433f8b1801de535ff137d84ae41e;
0x9ad227d56a36b33407916f3293db2d298095dca9;0x9ad227d56a36b33407916f3293db2d298095dca9;0x2b9ced840d9072f2f3d6d66275381aba530c6420;10201935;1591309075;2020-06-04 15:17:55;9000000000000000000;ETH;Ethereum;;0xd09d1fe6aa7612f54c177b52d301926dcc4c8b4000ef6b91be8b8aea3945d656;
0x9ad227d56a36b33407916f3293db2d298095dca9;0x9ad227d56a36b33407916f3293db2d298095dca9;0xf164fc0ec4e93095b804a4795bbe1e041497b92a;10200303;1591286901;2020-06-04 09:08:21;2000000000000000000;ETH;Ethereum;;0x2c304b8c4110002f9cca5f7531f6d8a2b204879ad786f4b5c2f265d695a06b03;
0x9ad227d56a36b33407916f3293db2d298095dca9;0x9ad227d56a36b33407916f3293db2d298095dca9;0x0cd9988ec4b1a499b7951a79644d5aa23d3aacbf;10197243;1591245906;2020-06-03 21:45:06;6000000000000000000;ETH;Ethereum;;0x19c81c6452bc7a2f58281ef7984f7362b079ce31029ea115f467bed5e857273c;
0x9ad227d56a36b33407916f3293db2d298095dca9;0x9ad227d56a36b33407916f3293db2d298095dca9;0xf164fc0ec4e93095b804a4795bbe1e041497b92a;10195540;1591223217;2020-06-03 15:26:57;2000000000000000000;ETH;Ethereum;;0xba58c8a7475039870bd92c8ea09b8f750bc1962c9603f749c764376a70b610cc;
0x9ad227d56a36b33407916f3293db2d298095dca9;0x9ad227d56a36b33407916f3293db2d298095dca9;0xb1c05e7e2458d52202d5bf85f0c8a864806ebe37;10195436;1591221910;2020-06-03 15:05:10;1200000000000000000;ETH;Ethereum;;0xf6bcb3f535b730d27fc6929648eead9edcdf9330e288017f20959eb796db5af7;
0x9ad227d56a36b33407916f3293db2d298095dca9;0x9ad227d56a36b33407916f3293db2d298095dca9;0xb1c05e7e2458d52202d5bf85f0c8a864806ebe37;10195418;1591221714;2020-06-03 15:01:54;50000000000000000;ETH;Ethereum;;0xb83aeb97078bd673b5ceadfef3b31e197568acd4f9a98b0d98baba2c5309159f;
0x9ad227d56a36b33407916f3293db2d298095dca9;0x9ad227d56a36b33407916f3293db2d298095dca9;0xf164fc0ec4e93095b804a4795bbe1e041497b92a;10189166;1591137338;2020-06-02 15:35:38;1050000000000000000;ETH;Ethereum;;0xe3b08e4733a61808a61a8dcc0af10e85c7df53c5c7c6e68524bd1b1f4a243231;
0x9ad227d56a36b33407916f3293db2d298095dca9;0x9ad227d56a36b33407916f3293db2d298095dca9;0xf164fc0ec4e93095b804a4795bbe1e041497b92a;10189138;1591136985;2020-06-02 15:29:45;6200000000000000000;ETH;Ethereum;;0x22f8b67f2edb5136c0572c44d1be5362c6ddbeee1ce324a8719021f70f8b9e9b;
0x9ad227d56a36b33407916f3293db2d298095dca9;0x0d38bce0ef4241ef8a6994459182df4c63fd27d1;0x9ad227d56a36b33407916f3293db2d298095dca9;10189128;1591136853;2020-06-02 15:27:33;6256349510000000000;ETH;Ethereum;;0x8f3ac19a5374388359f40797545226a8e8a6a6f1ea90d6639aad703434f4013f;
0x9ad227d56a36b33407916f3293db2d298095dca9;0x9ad227d56a36b33407916f3293db2d298095dca9;0x0d38bce0ef4241ef8a6994459182df4c63fd27d1;10189125;1591136839;2020-06-02 15:27:19;50000000000000000;ETH;Ethereum;;0x0605553ba3287dbde25be85ea14c14c282d5e2e04dbb447193745b18b092b4a0;
0x9ad227d56a36b33407916f3293db2d298095dca9;0x9ad227d56a36b33407916f3293db2d298095dca9;0x604d4f69e121178f6a91262edeb54c19c5e3b539;10184282;1591072967;2020-06-01 21:42:47;1000000000000000000;ETH;Ethereum;UNI-V1 (Uniswap V1);0xfe240a03130337e7e023e1ee3bc3b82613b2ea73c0a20ca9bde50dbf58ab6bca;
0x9ad227d56a36b33407916f3293db2d298095dca9;0x9ad227d56a36b33407916f3293db2d298095dca9;0xf164fc0ec4e93095b804a4795bbe1e041497b92a;10171242;1590896961;2020-05-30 20:49:21;1000000000000000000;ETH;Ethereum;;0xcf53f8c43379585488636f3e568467f26dd6b37bfaf5769efe8562e3347ca42c;
0x9ad227d56a36b33407916f3293db2d298095dca9;0x9ad227d56a36b33407916f3293db2d298095dca9;0xf164fc0ec4e93095b804a4795bbe1e041497b92a;10171236;1590896853;2020-05-30 20:47:33;100000000000000000;ETH;Ethereum;;0x7ed4e0267ebb7091e18c645224adbe79b212576ad712660dd629796fe9943a1e;
0x9ad227d56a36b33407916f3293db2d298095dca9;0x9ad227d56a36b33407916f3293db2d298095dca9;0xf164fc0ec4e93095b804a4795bbe1e041497b92a;10170473;1590886216;2020-05-30 17:50:16;100000000000000000;ETH;Ethereum;;0xfbada7ac39ecacda57c2f0d4c3edff81226318fe38270d36da9e7c7a9393c271;
0x9ad227d56a36b33407916f3293db2d298095dca9;0x9ad227d56a36b33407916f3293db2d298095dca9;0x3ab6564d5c214bc416ee8421e05219960504eead;10161963;1590772829;2020-05-29 10:20:29;9000000000000000;ETH;Ethereum;;0x1369ed0d8582dfb143b6a510b62e33531b32253169c84f4f6491730da23152e2;
0x9ad227d56a36b33407916f3293db2d298095dca9;0x61fc4c21b78b67d0408da673a90e4e22a0bc1342;0x9ad227d56a36b33407916f3293db2d298095dca9;10161911;1590772100;2020-05-29 10:08:20;270000000000000000;ETH;Ethereum;;0x3a99be3e84c5f838d75c0370aad02616460e8001b3ddd799adee2729ad07598c;
0x9ad227d56a36b33407916f3293db2d298095dca9;0x9ad227d56a36b33407916f3293db2d298095dca9;0x11111254369792b2ca5d084ab5eea397ca8fa48b;10161763;1590770127;2020-05-29 09:35:27;9075785872457356;ETH;Ethereum;;0xf9ba2969739f2be59213c55e664fd572c44f4ffed819bdb1f021a78c6dad60ed;
0x9ad227d56a36b33407916f3293db2d298095dca9;0x9ad227d56a36b33407916f3293db2d298095dca9;0x05cde89ccfa0ada8c88d5a23caaa79ef129e7883;10155535;1590686371;2020-05-28 10:19:31;4600000000000000000;ETH;Ethereum;UNI-V1 (Uniswap V1);0x0ce6c53ac4752e7c863ae1f0cf4012dbb3c06ece659b3b8b9e5e2572097f1ca1;
0x9ad227d56a36b33407916f3293db2d298095dca9;0x3f5ce5fbfe3e9af3971dd833d26ba9b5c936f0be;0x9ad227d56a36b33407916f3293db2d298095dca9;10155425;1590684988;2020-05-28 09:56:28;4556115740000000000;ETH;Ethereum;;0x5650cf611740317b9377100c25a617ba489bf02f4fb767160dfd00fe369cfc6c;
0x9ad227d56a36b33407916f3293db2d298095dca9;0x9ad227d56a36b33407916f3293db2d298095dca9;0x0cd9988ec4b1a499b7951a79644d5aa23d3aacbf;10155163;1590681394;2020-05-28 08:56:34;4500000000000000000;ETH;Ethereum;;0x4613df98bea208cff069093d184f60109b271efdb452ae0eaac01fd864510b82;
0x9ad227d56a36b33407916f3293db2d298095dca9;0x9ad227d56a36b33407916f3293db2d298095dca9;0x0cd9988ec4b1a499b7951a79644d5aa23d3aacbf;10144041;1590532048;2020-05-26 15:27:28;5200000000000000000;ETH;Ethereum;;0xc1c9db77308e588f18b9a6f87e1e3ef0434f663fe3fc297fcb79cfd0e41528da;
0x9ad227d56a36b33407916f3293db2d298095dca9;0x59a5208b32e627891c389ebafc644145224006e8;0x9ad227d56a36b33407916f3293db2d298095dca9;10138557;1590458792;2020-05-25 19:06:32;2413967250000000000;ETH;Ethereum;;0xb63c0a5bf135fd8a9b6211f92af97ae1aed6439fc77d3bb9e4fde5479ca5ba06;
0x9ad227d56a36b33407916f3293db2d298095dca9;0x9ad227d56a36b33407916f3293db2d298095dca9;0xf164fc0ec4e93095b804a4795bbe1e041497b92a;10133045;1590384175;2020-05-24 22:22:55;950000000000000000;ETH;Ethereum;;0x2d3fda705aaee6cdc75b1c7160010a3c8b3eb97f187e5bbb0264e4c90a782402;
0x9ad227d56a36b33407916f3293db2d298095dca9;0x9ad227d56a36b33407916f3293db2d298095dca9;0x05cde89ccfa0ada8c88d5a23caaa79ef129e7883;10117685;1590177895;2020-05-22 13:04:55;1000000000000000000;ETH;Ethereum;UNI-V1 (Uniswap V1);0x00e825ecf6e0d9f91256893f7d41eba877252b0d014d0aaa242148067ac62a8a;
0x9ad227d56a36b33407916f3293db2d298095dca9;0x9ad227d56a36b33407916f3293db2d298095dca9;0x05cde89ccfa0ada8c88d5a23caaa79ef129e7883;10113386;1590118964;2020-05-21 20:42:44;1000000000000000000;ETH;Ethereum;UNI-V1 (Uniswap V1);0xe5a2c3247a3d8da7f8d789d845789d37b0bb2c0ad97a0fca3b345250c4b06fbf;
0x9ad227d56a36b33407916f3293db2d298095dca9;0x9ad227d56a36b33407916f3293db2d298095dca9;0x0cd9988ec4b1a499b7951a79644d5aa23d3aacbf;10110588;1590082197;2020-05-21 10:29:57;510000000000000000;ETH;Ethereum;;0x26bcfb1e65f981c87ce565324a166f8f17375b80c4a1e5a0cce1809d0028ce93;
0x9ad227d56a36b33407916f3293db2d298095dca9;0x9ad227d56a36b33407916f3293db2d298095dca9;0x05cde89ccfa0ada8c88d5a23caaa79ef129e7883;10104120;1589995456;2020-05-20 10:24:16;1100000000000000000;ETH;Ethereum;UNI-V1 (Uniswap V1);0x51ab625500df03d68a51f390b397c463a460101770f79b48e200d2fedb83fa52;
0x9ad227d56a36b33407916f3293db2d298095dca9;0x59a5208b32e627891c389ebafc644145224006e8;0x9ad227d56a36b33407916f3293db2d298095dca9;10104058;1589994736;2020-05-20 10:12:16;4495862780000000000;ETH;Ethereum;;0xe8cf86097a5ea5c65c514263c0fefc9c29083763de4a6ce66c99c2bb3faea4de;
0x9ad227d56a36b33407916f3293db2d298095dca9;0x9ad227d56a36b33407916f3293db2d298095dca9;0xf164fc0ec4e93095b804a4795bbe1e041497b92a;10098663;1589922005;2020-05-19 14:00:05;1200000000000000000;ETH;Ethereum;;0xb777b813f2cafcdf7fa2ab04026146d85f102b05e6d483f7077c975678890950;
0x9ad227d56a36b33407916f3293db2d298095dca9;0x912fd21d7a69678227fe6d08c64222db41477ba0;0x9ad227d56a36b33407916f3293db2d298095dca9;10098658;1589921937;2020-05-19 13:58:57;1170699676633436850;ETH;Ethereum;;0xec9554a2f18b75e2572ff0135a4cd80c554182e87e859689ee19a2b367ccdca5;
0x9ad227d56a36b33407916f3293db2d298095dca9;0x9ad227d56a36b33407916f3293db2d298095dca9;0x05cde89ccfa0ada8c88d5a23caaa79ef129e7883;10093983;1589859215;2020-05-18 20:33:35;12105396744089760126;ETH;Ethereum;UNI-V1 (Uniswap V1);0xcb30e90df36cedda94618adc472652b2015ec37da8fbf9a4db177f8b82c9903d;
0x9ad227d56a36b33407916f3293db2d298095dca9;0x9ad227d56a36b33407916f3293db2d298095dca9;0xf164fc0ec4e93095b804a4795bbe1e041497b92a;10093946;1589858795;2020-05-18 20:26:35;12035585009892229779;ETH;Ethereum;;0x5f7f751a32fe533b74d1897c522d5f5988b3c5880af161ff80640cb1deb60883;
0x9ad227d56a36b33407916f3293db2d298095dca9;0x9ad227d56a36b33407916f3293db2d298095dca9;0xf164fc0ec4e93095b804a4795bbe1e041497b92a;10092448;1589838050;2020-05-18 14:40:50;8000000000000000000;ETH;Ethereum;;0x4f2fbfc8c616ced2962be6625ed9cbed557e1cafba2ae9485a1293a0707d7c5b;
0x9ad227d56a36b33407916f3293db2d298095dca9;0x9ad227d56a36b33407916f3293db2d298095dca9;0xf164fc0ec4e93095b804a4795bbe1e041497b92a;10091790;1589829469;2020-05-18 12:17:49;4100000000000000000;ETH;Ethereum;;0xf04f620122edb757b60d3e4e8e9ea6ec89c535ff53eaca5d546c0a15c93b7826;
0x9ad227d56a36b33407916f3293db2d298095dca9;0x59a5208b32e627891c389ebafc644145224006e8;0x9ad227d56a36b33407916f3293db2d298095dca9;10091695;1589827926;2020-05-18 11:52:06;4052867360000000000;ETH;Ethereum;;0xa99d490af8ceec9bc2386c740cc6cffde00b632d46218440154ef4cc5f38baa8;
0x9ad227d56a36b33407916f3293db2d298095dca9;0x9ad227d56a36b33407916f3293db2d298095dca9;0xf164fc0ec4e93095b804a4795bbe1e041497b92a;10091446;1589824379;2020-05-18 10:52:59;209883657285606821;ETH;Ethereum;;0x6db43e8443a1bb6276ca0c0a664c9ae8a3bcf658ed3d14b814b59999bcd45cd9;
0x9ad227d56a36b33407916f3293db2d298095dca9;0x61fc4c21b78b67d0408da673a90e4e22a0bc1342;0x9ad227d56a36b33407916f3293db2d298095dca9;10091436;1589824289;2020-05-18 10:51:29;400000000000000000;ETH;Ethereum;;0xd3b25eec41653a5af8dcd27d03bf1e84b37ebc1df913327ebe73321b6a46c890;
0x9ad227d56a36b33407916f3293db2d298095dca9;0x9ad227d56a36b33407916f3293db2d298095dca9;0x05cde89ccfa0ada8c88d5a23caaa79ef129e7883;10088220;1589780858;2020-05-17 22:47:38;6000000000000000000;ETH;Ethereum;UNI-V1 (Uniswap V1);0xdcba952ee4dac6ce943d0ef61dafecdcdd678fc56003f11c8ff3abc6dae1f4e6;
0x9ad227d56a36b33407916f3293db2d298095dca9;0x59a5208b32e627891c389ebafc644145224006e8;0x9ad227d56a36b33407916f3293db2d298095dca9;10088178;1589780365;2020-05-17 22:39:25;5795125620000000000;ETH;Ethereum;;0xbe3dadef9162b7c93846a2a6156ed0e8c0c3739382768a24df70f9080f872d10;
0x9ad227d56a36b33407916f3293db2d298095dca9;0x9ad227d56a36b33407916f3293db2d298095dca9;0x05cde89ccfa0ada8c88d5a23caaa79ef129e7883;10080718;1589680370;2020-05-16 18:52:50;7000000000000000000;ETH;Ethereum;UNI-V1 (Uniswap V1);0x74399589bf1c314f647207385a10ffc64a67aa07b3bb3fc965d061a5cfc1036b;
0x9ad227d56a36b33407916f3293db2d298095dca9;0x59a5208b32e627891c389ebafc644145224006e8;0x9ad227d56a36b33407916f3293db2d298095dca9;10080670;1589679777;2020-05-16 18:42:57;3867592860000000000;ETH;Ethereum;;0x929eb458dd36b4ff85417b6c4d2fff9fdee67c3a807e14f5fb06a894073b3ca2;
0x9ad227d56a36b33407916f3293db2d298095dca9;0x9ad227d56a36b33407916f3293db2d298095dca9;0x05cde89ccfa0ada8c88d5a23caaa79ef129e7883;10074344;1589594875;2020-05-15 19:07:55;2500000000000000000;ETH;Ethereum;UNI-V1 (Uniswap V1);0xad75f34d73a767546385ba9495010d90df273925edaa4efb37eeb5f952b7f1b4;
0x9ad227d56a36b33407916f3293db2d298095dca9;0x59a5208b32e627891c389ebafc644145224006e8;0x9ad227d56a36b33407916f3293db2d298095dca9;10073192;1589579469;2020-05-15 14:51:09;5712486490000000000;ETH;Ethereum;;0xee5a90fb948a4c314a35bcce63969dc8b8b87638eeaf82bb5b13c354a81d967e;
0x9ad227d56a36b33407916f3293db2d298095dca9;0x9ad227d56a36b33407916f3293db2d298095dca9;0x05cde89ccfa0ada8c88d5a23caaa79ef129e7883;10067779;1589506026;2020-05-14 18:27:06;2800000000000000000;ETH;Ethereum;UNI-V1 (Uniswap V1);0x5cec592955fdcababb83e8a2d5f97d4bdf62a8f161510c8454ab3b6b4d831f24;
0x9ad227d56a36b33407916f3293db2d298095dca9;0x9ad227d56a36b33407916f3293db2d298095dca9;0x05cde89ccfa0ada8c88d5a23caaa79ef129e7883;10060074;1589402722;2020-05-13 13:45:22;2000000000000000000;ETH;Ethereum;UNI-V1 (Uniswap V1);0xa5dc39727f245e716377455667eab3352387cc5bcd8ed14af1a85be62ecec4a8;
0x9ad227d56a36b33407916f3293db2d298095dca9;0x9ad227d56a36b33407916f3293db2d298095dca9;0x05cde89ccfa0ada8c88d5a23caaa79ef129e7883;10058171;1589377959;2020-05-13 06:52:39;1000000000000000000;ETH;Ethereum;UNI-V1 (Uniswap V1);0xa39878ce6ddac623fe7f2fa010080112b584fa499c75b5e95c01d70bd7cfd54d;
0x9ad227d56a36b33407916f3293db2d298095dca9;0x9ad227d56a36b33407916f3293db2d298095dca9;0x05cde89ccfa0ada8c88d5a23caaa79ef129e7883;10058143;1589377592;2020-05-13 06:46:32;3000000000000000000;ETH;Ethereum;UNI-V1 (Uniswap V1);0xb0b6638c0211918070edfc95a8022cceabe9f6fc40866c68442e97bcdea9712f;
0x9ad227d56a36b33407916f3293db2d298095dca9;0x59a5208b32e627891c389ebafc644145224006e8;0x9ad227d56a36b33407916f3293db2d298095dca9;10058094;1589376916;2020-05-13 06:35:16;7896524970000000000;ETH;Ethereum;;0x1757b9a5a1d74e705170c0fae8da2ca3632d635e327c358d856b9fe6cfd7b64e;
0x9ad227d56a36b33407916f3293db2d298095dca9;0x9ad227d56a36b33407916f3293db2d298095dca9;0x84eed3d40edf5f700a65893f92fcc27626d3a864;10042540;1589167706;2020-05-10 20:28:26;9000000000000000;ETH;Ethereum;;0x8b2620789efb146f4ec142f104a452eb2fc68fc816c493648872cce5e76f0cbc;
0x9ad227d56a36b33407916f3293db2d298095dca9;0x9ad227d56a36b33407916f3293db2d298095dca9;0x05cde89ccfa0ada8c88d5a23caaa79ef129e7883;9976433;1588284354;2020-04-30 15:05:54;2200000000000000000;ETH;Ethereum;UNI-V1 (Uniswap V1);0x5724f4934185df086ada1fdc085d9e11fb9b97d54d5badf769706ccc2f0100cc;
0x9ad227d56a36b33407916f3293db2d298095dca9;0x59a5208b32e627891c389ebafc644145224006e8;0x9ad227d56a36b33407916f3293db2d298095dca9;9976408;1588284103;2020-04-30 15:01:43;2274601360000000000;ETH;Ethereum;;0x47097e98afdd97499e6417f5b53e2d826fb66c2caa4ac36511f110aa26039dbc;
0x9ad227d56a36b33407916f3293db2d298095dca9;0x9ad227d56a36b33407916f3293db2d298095dca9;0x05cde89ccfa0ada8c88d5a23caaa79ef129e7883;9964064;1588118426;2020-04-28 17:00:26;2500000000000000000;ETH;Ethereum;UNI-V1 (Uniswap V1);0x979054f1479aa598786edc3fc283e79f81b1ba582fdaa303ff11d5ab366bcb04;
0x9ad227d56a36b33407916f3293db2d298095dca9;0x59a5208b32e627891c389ebafc644145224006e8;0x9ad227d56a36b33407916f3293db2d298095dca9;9963717;1588113774;2020-04-28 15:42:54;2491081970000000000;ETH;Ethereum;;0x2c3c25babdcb2c56cf30aeb5acb420687be2b56bfbafc8063ab8bfe091b6361e;
0x9ad227d56a36b33407916f3293db2d298095dca9;0x9ad227d56a36b33407916f3293db2d298095dca9;0x05cde89ccfa0ada8c88d5a23caaa79ef129e7883;9923160;1587570509;2020-04-22 08:48:29;2100000000000000000;ETH;Ethereum;UNI-V1 (Uniswap V1);0xa08b7c4a6bf50aba80c1a039ca7093ad9366b7b96229d98a8f74f130667f4dcd;
0x9ad227d56a36b33407916f3293db2d298095dca9;0x59a5208b32e627891c389ebafc644145224006e8;0x9ad227d56a36b33407916f3293db2d298095dca9;9923044;1587568925;2020-04-22 08:22:05;2131755770000000000;ETH;Ethereum;;0xc16c2f50d043ac652313ae512400946ca93cd3ce943ba5159785782196929ea1;
0x9ad227d56a36b33407916f3293db2d298095dca9;0x9ad227d56a36b33407916f3293db2d298095dca9;0x05cde89ccfa0ada8c88d5a23caaa79ef129e7883;9922975;1587567924;2020-04-22 08:05:24;3000000000000000000;ETH;Ethereum;UNI-V1 (Uniswap V1);0x1588fa2985337f390644af6e20fde82ca5d122faec261141c7d9b832e1bb8286;
0x9ad227d56a36b33407916f3293db2d298095dca9;0x9ad227d56a36b33407916f3293db2d298095dca9;0x05cde89ccfa0ada8c88d5a23caaa79ef129e7883;9922968;1587567856;2020-04-22 08:04:16;3000000000000000000;ETH;Ethereum;UNI-V1 (Uniswap V1);0xc2124120b44539c94f032b31ee5ad22ad89ed47d3319d1a24cd9ecf2c4e58cb9;
0x9ad227d56a36b33407916f3293db2d298095dca9;0x59a5208b32e627891c389ebafc644145224006e8;0x9ad227d56a36b33407916f3293db2d298095dca9;9922592;1587563227;2020-04-22 06:47:07;1086092640000000000;ETH;Ethereum;;0x88f63ea1fd342f3d699323b970c73e268174afcfbc011d874cb85f6881b854b8;
0x9ad227d56a36b33407916f3293db2d298095dca9;0x59a5208b32e627891c389ebafc644145224006e8;0x9ad227d56a36b33407916f3293db2d298095dca9;9922592;1587563227;2020-04-22 06:47:07;541900520000000000;ETH;Ethereum;;0x3f513a970006530e79e19fe5ed01b68d3408897250624a601078944ccd805187;
0x9ad227d56a36b33407916f3293db2d298095dca9;0x59a5208b32e627891c389ebafc644145224006e8;0x9ad227d56a36b33407916f3293db2d298095dca9;9922592;1587563227;2020-04-22 06:47:07;1398328820000000000;ETH;Ethereum;;0x74af4b6ee21e053c2873e0abfaaeb25cd7524dc35cbdedaad0a1514feb4de92b;
0x9ad227d56a36b33407916f3293db2d298095dca9;0x8530261684c0549d5e85a30934e30d60c46aa8a1;0x9ad227d56a36b33407916f3293db2d298095dca9;10492930;1595201638;2020-07-19 16:33:58;56513618000;HXY;HEX Money;;0x1a2683c82a8743a4740edd24a85df4be273399c579a482cb3cc72e4c3645aff0;0xf3a2ace8e48751c965ea0a1d064303aca53842b9
0x9ad227d56a36b33407916f3293db2d298095dca9;0x9ad227d56a36b33407916f3293db2d298095dca9;0x8c1a220506190f34c035f7fdb95a975f1f67732e;10488115;1595137579;2020-07-18 22:46:19;81021402535014153992011158;HEX2T;HEX2T;;0x4aac99dec5b1b2831857921458d8a3ba1d45967d7b8ad678c32be7a481acb6f9;0xed1199093b1abd07a368dd1c0cdc77d8517ba2a0
0x9ad227d56a36b33407916f3293db2d298095dca9;0x8530261684c0549d5e85a30934e30d60c46aa8a1;0x9ad227d56a36b33407916f3293db2d298095dca9;10480226;1595032309;2020-07-17 17:31:49;5820902740;HXY;HEX Money;;0x816639dc2785066fa0199325263fa4d21a82f3feda69464127cb12403d5a7a96;0xf3a2ace8e48751c965ea0a1d064303aca53842b9
0x9ad227d56a36b33407916f3293db2d298095dca9;0xedaedd22e653c504ff6806bf61664292848eb26e;0x9ad227d56a36b33407916f3293db2d298095dca9;10473145;1594937646;2020-07-16 15:14:06;13153659481281695593854045;HEX2T;HEX2T;;0xf4392ef53f97bf96cfe63b34f89ebf97570dc9d4f5f2a59052c1f42bd91d1d14;0xed1199093b1abd07a368dd1c0cdc77d8517ba2a0
0x9ad227d56a36b33407916f3293db2d298095dca9;0x9ad227d56a36b33407916f3293db2d298095dca9;0xb4e16d0168e52d35cacd2c6185b44281ec28c9dc;10473145;1594937646;2020-07-16 15:14:06;162584412;USDC;USD Coin;;0xf4392ef53f97bf96cfe63b34f89ebf97570dc9d4f5f2a59052c1f42bd91d1d14;0xa0b86991c6218b36c1d19d4a2e9eb0ce3606eb48
0x9ad227d56a36b33407916f3293db2d298095dca9;0x9ad227d56a36b33407916f3293db2d298095dca9;0x39aa39c021dfbae8fac545936693ac917d5e7563;10466426;1594847490;2020-07-15 14:11:30;771308874806;cUSDC;Compound USD Coin;;0x6ffe4da4cdabc6a7756ce992ebd6974defa7220428e2c97612c27ff1262b082d;0x39aa39c021dfbae8fac545936693ac917d5e7563
0x9ad227d56a36b33407916f3293db2d298095dca9;0x39aa39c021dfbae8fac545936693ac917d5e7563;0x9ad227d56a36b33407916f3293db2d298095dca9;10466426;1594847490;2020-07-15 14:11:30;162584412;USDC;USD Coin;;0x6ffe4da4cdabc6a7756ce992ebd6974defa7220428e2c97612c27ff1262b082d;0xa0b86991c6218b36c1d19d4a2e9eb0ce3606eb48
0x9ad227d56a36b33407916f3293db2d298095dca9;0x3d9819210a31b4961b30ef54be2aed79b9c9cd3b;0x9ad227d56a36b33407916f3293db2d298095dca9;10466426;1594847490;2020-07-15 14:11:30;1345122765157046;COMP;Compound;;0x6ffe4da4cdabc6a7756ce992ebd6974defa7220428e2c97612c27ff1262b082d;0xc00e94cb662c3520282e6f5717214004a7f26888
0x9ad227d56a36b33407916f3293db2d298095dca9;0xfc0713dd0aefa5a1b6a6f24e53605a885ca6b441;0x9ad227d56a36b33407916f3293db2d298095dca9;10374454;1593618968;2020-07-01 08:56:08;56513618;HXY;HEX Money;;0x6bd3c94278cadd6a1afa3bee66c1333955356711688b78b3bf5fd0e8007012b2;0x0fff95d5ab18c763c42c209f137c47354af104a8
0x9ad227d56a36b33407916f3293db2d298095dca9;0xfc0713dd0aefa5a1b6a6f24e53605a885ca6b441;0x9ad227d56a36b33407916f3293db2d298095dca9;10374313;1593616981;2020-07-01 08:23:01;56513618;HXY;HEX Money;;0x758bb114103e2f4410c563946b74f1f76161868691537a84529c46b1de9259d3;0x0fff95d5ab18c763c42c209f137c47354af104a8
0x9ad227d56a36b33407916f3293db2d298095dca9;0x39aa39c021dfbae8fac545936693ac917d5e7563;0x9ad227d56a36b33407916f3293db2d298095dca9;10351133;1593305557;2020-06-27 17:52:37;771308874806;cUSDC;Compound USD Coin;;0x1245baf44b3b8b90644fda5a97126f0ecb2fe3edf59ba72467783ccd408a0015;0x39aa39c021dfbae8fac545936693ac917d5e7563
0x9ad227d56a36b33407916f3293db2d298095dca9;0x9ad227d56a36b33407916f3293db2d298095dca9;0x39aa39c021dfbae8fac545936693ac917d5e7563;10351133;1593305557;2020-06-27 17:52:37;162443137;USDC;USD Coin;;0x1245baf44b3b8b90644fda5a97126f0ecb2fe3edf59ba72467783ccd408a0015;0xa0b86991c6218b36c1d19d4a2e9eb0ce3606eb48
0x9ad227d56a36b33407916f3293db2d298095dca9;0x688d976c46ba022ab5f930a4996274fb46950a73;0x9ad227d56a36b33407916f3293db2d298095dca9;10338141;1593130696;2020-06-25 17:18:16;56848017;USDC;USD Coin;;0x2f035c36ef0ea9fb58bcd42550d9a9739e4ec759211cdfb9de27078d3aa6e0b8;0xa0b86991c6218b36c1d19d4a2e9eb0ce3606eb48
0x9ad227d56a36b33407916f3293db2d298095dca9;0x688d976c46ba022ab5f930a4996274fb46950a73;0x9ad227d56a36b33407916f3293db2d298095dca9;10338111;1593130261;2020-06-25 17:11:01;16124373;USDC;USD Coin;;0x21001a26eb598503827b7947af02d4ae488f96310b11678bf5bbdbf0d91c1fd9;0xa0b86991c6218b36c1d19d4a2e9eb0ce3606eb48
0x9ad227d56a36b33407916f3293db2d298095dca9;0xfc0713dd0aefa5a1b6a6f24e53605a885ca6b441;0x9ad227d56a36b33407916f3293db2d298095dca9;10300236;1592623628;2020-06-19 20:27:08;56513618;HXY;HEX Money;;0xfb9492902586d208f0171196ea34cda51747d0f912bac5ac466e8e6aaa9f2f7c;0x0fff95d5ab18c763c42c209f137c47354af104a8
0x9ad227d56a36b33407916f3293db2d298095dca9;0x9ad227d56a36b33407916f3293db2d298095dca9;0xbb2b8038a1640196fbe3e38816f3e67cba72d940;10297944;1592593282;2020-06-19 12:01:22;7500163;WBTC;Wrapped BTC;;0x35e5ce4e22433968b2126e52246759d462f20344744a84aaa53624e1f31edba2;0x2260fac5e5542a773aa44fbcfedf7c193bc2c599
0x9ad227d56a36b33407916f3293db2d298095dca9;0x688d976c46ba022ab5f930a4996274fb46950a73;0x9ad227d56a36b33407916f3293db2d298095dca9;10292889;1592526321;2020-06-18 17:25:21;12871275;USDC;USD Coin;;0xe72212e1f9cc4a4522fc92e38d6c7f5d5d58eae24c320ece1df340b4a45a94f3;0xa0b86991c6218b36c1d19d4a2e9eb0ce3606eb48
0x9ad227d56a36b33407916f3293db2d298095dca9;0x688d976c46ba022ab5f930a4996274fb46950a73;0x9ad227d56a36b33407916f3293db2d298095dca9;10292868;1592526068;2020-06-18 17:21:08;17148626;USDC;USD Coin;;0x860ac7cebc2494469c3bc8d59c6ac481fab1d4d8dc28a8d59ddf7cf62b9aa148;0xa0b86991c6218b36c1d19d4a2e9eb0ce3606eb48
0x9ad227d56a36b33407916f3293db2d298095dca9;0x688d976c46ba022ab5f930a4996274fb46950a73;0x9ad227d56a36b33407916f3293db2d298095dca9;10292848;1592525842;2020-06-18 17:17:22;7345545;USDC;USD Coin;;0x67902f6547b9634bc9cbd82f5c6a35cd0336979e3e2d7a77c047d1c79d52f5a7;0xa0b86991c6218b36c1d19d4a2e9eb0ce3606eb48
0x9ad227d56a36b33407916f3293db2d298095dca9;0xfc0713dd0aefa5a1b6a6f24e53605a885ca6b441;0x9ad227d56a36b33407916f3293db2d298095dca9;10284047;1592407560;2020-06-17 08:26:00;5651361886;HXY;HEX Money;;0xc7692c91a12b5b4e342201b83efec961ea70f0464f3eb3b2e30ea87f2a05a9ab;0x0fff95d5ab18c763c42c209f137c47354af104a8
0x9ad227d56a36b33407916f3293db2d298095dca9;0x688d976c46ba022ab5f930a4996274fb46950a73;0x9ad227d56a36b33407916f3293db2d298095dca9;10247479;1591919925;2020-06-11 16:58:45;1873522;USDC;USD Coin;;0xb3bce0b22cfabd28b648d222b147592e99f67bb90d3f76fb312b9584f8c1e292;0xa0b86991c6218b36c1d19d4a2e9eb0ce3606eb48
0x9ad227d56a36b33407916f3293db2d298095dca9;0x688d976c46ba022ab5f930a4996274fb46950a73;0x9ad227d56a36b33407916f3293db2d298095dca9;10247479;1591919925;2020-06-11 16:58:45;10514272;USDC;USD Coin;;0x32fa1186123e805fce3111d1429a002bcd49f906891a1729cfd437b1aefbec85;0xa0b86991c6218b36c1d19d4a2e9eb0ce3606eb48
0x9ad227d56a36b33407916f3293db2d298095dca9;0x688d976c46ba022ab5f930a4996274fb46950a73;0x9ad227d56a36b33407916f3293db2d298095dca9;10247457;1591919610;2020-06-11 16:53:30;20938594;USDC;USD Coin;;0xe8bff8c48e9170d518c7f01b58d767eab218bede9280d3c1792ade3a805d2442;0xa0b86991c6218b36c1d19d4a2e9eb0ce3606eb48
0x9ad227d56a36b33407916f3293db2d298095dca9;0xedaedd22e653c504ff6806bf61664292848eb26e;0x9ad227d56a36b33407916f3293db2d298095dca9;10242414;1591851354;2020-06-10 21:55:54;67867743053732458398157113;HEX2T;HEX2T;;0x489948a7c51683746424a4b43e33bed88c58d5a86f8ace1da306bd9c4305306f;0xed1199093b1abd07a368dd1c0cdc77d8517ba2a0
0x9ad227d56a36b33407916f3293db2d298095dca9;0x9ad227d56a36b33407916f3293db2d298095dca9;0x55d5c232d921b9eaa6b37b5845e439acd04b4dba;10242414;1591851354;2020-06-10 21:55:54;37118954739747;HEX;HEX;;0x489948a7c51683746424a4b43e33bed88c58d5a86f8ace1da306bd9c4305306f;0x2b591e99afe9f32eaa6214f7b7629768c40eeb39
0x9ad227d56a36b33407916f3293db2d298095dca9;0x9ad227d56a36b33407916f3293db2d298095dca9;0xedaedd22e653c504ff6806bf61664292848eb26e;10235488;1591758983;2020-06-09 20:16:23;87323820533056750008981932;HEX2T;HEX2T;;0xb782409f2386317309939196b2c1ee64d551564ad7c368b640bc4676f2a3c4be;0xed1199093b1abd07a368dd1c0cdc77d8517ba2a0
0x9ad227d56a36b33407916f3293db2d298095dca9;0x28697b4a1618a77b1d61a85e99174616b519f629;0x9ad227d56a36b33407916f3293db2d298095dca9;10235461;1591758618;2020-06-09 20:10:18;86975286300185481440603137;HEX2T;HEX2T;;0xdacbf89afda46be2ef650b2912bbb11dd87f50bef9ffee301a62f714d6d332a1;0xed1199093b1abd07a368dd1c0cdc77d8517ba2a0
0x9ad227d56a36b33407916f3293db2d298095dca9;0x9ad227d56a36b33407916f3293db2d298095dca9;0x0000000000000000000000000000000000000000;10234646;1591747121;2020-06-09 16:58:41;96639207000000000000000000;HEX2T;STABLE HEX2T;;0xb7eb8d70ce15d444f02e3cd14289bf58c3ffbd80045e2c479544a8223f0030e0;0x28697b4a1618a77b1d61a85e99174616b519f629
0x9ad227d56a36b33407916f3293db2d298095dca9;0x28697b4a1618a77b1d61a85e99174616b519f629;0x9ad227d56a36b33407916f3293db2d298095dca9;10234640;1591747038;2020-06-09 16:57:18;348534232871268568378795;HEX2T;HEX2T;;0x66b2e7415c264f39837e66be0dd8d78fec5ebe18124d49008b30be542e81c5c2;0xed1199093b1abd07a368dd1c0cdc77d8517ba2a0
0x9ad227d56a36b33407916f3293db2d298095dca9;0x0000000000000000000000000000000000000000;0x9ad227d56a36b33407916f3293db2d298095dca9;10226619;1591638901;2020-06-08 10:55:01;552386948321823906478872;HEX2T;STABLE HEX2T;;0xdfc57eb6be1ecb3a804f005058452d88be50c1d07fd474274ddd8bbff4057677;0x28697b4a1618a77b1d61a85e99174616b519f629
0x9ad227d56a36b33407916f3293db2d298095dca9;0x0000000000000000000000000000000000000000;0x9ad227d56a36b33407916f3293db2d298095dca9;10219831;1591548760;2020-06-07 09:52:40;574073487552877784358672;HEX2T;STABLE HEX2T;;0xf060ef35bbce96971e0819b0efe3cc1c282e16bc6d62b0608f6e0e3976abece5;0x28697b4a1618a77b1d61a85e99174616b519f629
0x9ad227d56a36b33407916f3293db2d298095dca9;0x0000000000000000000000000000000000000000;0x9ad227d56a36b33407916f3293db2d298095dca9;10215502;1591490770;2020-06-06 17:46:10;1173875245530556889421269;HEX2T;STABLE HEX2T;;0x0caacf41c303c3b1d0a73181f216d01969d1aeefa0a0248006fbd3f7bc71be14;0x28697b4a1618a77b1d61a85e99174616b519f629
0x9ad227d56a36b33407916f3293db2d298095dca9;0x9ad227d56a36b33407916f3293db2d298095dca9;0x0000000000000000000000000000000000000000;10213970;1591470672;2020-06-06 12:11:12;76664717968162;HEX;HEX;;0x80b2e9c6e046e1488a6ce910f50ad626df52c7620f017e5d90db5e7c8d58fb66;0x2b591e99afe9f32eaa6214f7b7629768c40eeb39
0x9ad227d56a36b33407916f3293db2d298095dca9;0x0000000000000000000000000000000000000000;0x9ad227d56a36b33407916f3293db2d298095dca9;10207700;1591386428;2020-06-05 12:47:08;601897331008555707613306;HEX2T;STABLE HEX2T;;0x33740381e3c5a475fb6ed9ebbb14d32dd8e112f61af21aca3d613536d0cbbad1;0x28697b4a1618a77b1d61a85e99174616b519f629
0x9ad227d56a36b33407916f3293db2d298095dca9;0x0000000000000000000000000000000000000000;0x9ad227d56a36b33407916f3293db2d298095dca9;10204216;1591339700;2020-06-04 23:48:20;660961951414889413605583;HEX2T;STABLE HEX2T;;0xf8aeb2ce9439872f227de7077f4489d7d7df8930535c114ce2ff555e07115546;0x28697b4a1618a77b1d61a85e99174616b519f629
0x9ad227d56a36b33407916f3293db2d298095dca9;0x7d68c0321cf6b3a12e6e5d5abbaa8f2a13d77fdd;0x9ad227d56a36b33407916f3293db2d298095dca9;10202831;1591321409;2020-06-04 18:43:29;116165789471;HEX;HEX;;0x8c0205e2724b2bd7c3c5ccf7d96431b28e0fccd64baa6ff4af0fc3063252ebbb;0x2b591e99afe9f32eaa6214f7b7629768c40eeb39
0x9ad227d56a36b33407916f3293db2d298095dca9;0x688d976c46ba022ab5f930a4996274fb46950a73;0x9ad227d56a36b33407916f3293db2d298095dca9;10202690;1591319371;2020-06-04 18:09:31;3397939;USDC;USD Coin;;0xef6401e0f1935532a0c66b8dc25e32ddafcef9e8ae26d9a877945a856a07aa10;0xa0b86991c6218b36c1d19d4a2e9eb0ce3606eb48
0x9ad227d56a36b33407916f3293db2d298095dca9;0x688d976c46ba022ab5f930a4996274fb46950a73;0x9ad227d56a36b33407916f3293db2d298095dca9;10202689;1591319337;2020-06-04 18:08:57;4136054;USDC;USD Coin;;0xf8f3e49deee00e06b741546394d1f960c9cf8280d95f17e026425491641157b5;0xa0b86991c6218b36c1d19d4a2e9eb0ce3606eb48
0x9ad227d56a36b33407916f3293db2d298095dca9;0x688d976c46ba022ab5f930a4996274fb46950a73;0x9ad227d56a36b33407916f3293db2d298095dca9;10202665;1591319090;2020-06-04 18:04:50;10679017;USDC;USD Coin;;0xc545c991c0fa3ab5300b99d0c9d25123854d0f6b4760dc9f426aabb9c190fa03;0xa0b86991c6218b36c1d19d4a2e9eb0ce3606eb48
0x9ad227d56a36b33407916f3293db2d298095dca9;0x0000000000000000000000000000000000000000;0x9ad227d56a36b33407916f3293db2d298095dca9;10202514;1591317118;2020-06-04 17:31:58;962794000819977884061960;HEX2T;STABLE HEX2T;;0xb8736cbe62329b0263702d2e6d9b05cda40231497471a77e6c154eda5e6453f8;0x28697b4a1618a77b1d61a85e99174616b519f629
0x9ad227d56a36b33407916f3293db2d298095dca9;0x9ad227d56a36b33407916f3293db2d298095dca9;0xedaedd22e653c504ff6806bf61664292848eb26e;10201495;1591303125;2020-06-04 13:38:45;177043936502350426253612729;HEX2T;HEX2T;;0x288f8a68fcc25c11d8cb612365b0e4bbf2758a115da851ea89787f6295e0f68e;0xed1199093b1abd07a368dd1c0cdc77d8517ba2a0
0x9ad227d56a36b33407916f3293db2d298095dca9;0x9ad227d56a36b33407916f3293db2d298095dca9;0xedaedd22e653c504ff6806bf61664292848eb26e;10201439;1591302320;2020-06-04 13:25:20;207955260712447477244965770;HEX2T;HEX2T;;0xe555c67670919aa4ea0458ae4fb5cae4da3487d85140d54e19b72655762bd6b0;0xed1199093b1abd07a368dd1c0cdc77d8517ba2a0
0x9ad227d56a36b33407916f3293db2d298095dca9;0x9ad227d56a36b33407916f3293db2d298095dca9;0xedaedd22e653c504ff6806bf61664292848eb26e;10201259;1591299837;2020-06-04 12:43:57;187484880139033993720488591;HEX2T;HEX2T;;0x43105ae44601c944dec30fa093b5cd9aa6aab271ccee889a3e96ca50417a1bb0;0xed1199093b1abd07a368dd1c0cdc77d8517ba2a0
0x9ad227d56a36b33407916f3293db2d298095dca9;0x9ad227d56a36b33407916f3293db2d298095dca9;0xedaedd22e653c504ff6806bf61664292848eb26e;10201252;1591299752;2020-06-04 12:42:32;181918916018765499372138506;HEX2T;HEX2T;;0xb07adf1911479a4e463db7615bab2251d7f56637691dd2b0415df038808c8917;0xed1199093b1abd07a368dd1c0cdc77d8517ba2a0
0x9ad227d56a36b33407916f3293db2d298095dca9;0x0000000000000000000000000000000000000000;0x9ad227d56a36b33407916f3293db2d298095dca9;10200951;1591295886;2020-06-04 11:38:06;993010656701090329913098;HEX2T;STABLE HEX2T;;0xcaa6ae28f5ebd549c67bbb9c83ed2d7bab2c0a1287cb9a077b3b45675e0231f4;0x28697b4a1618a77b1d61a85e99174616b519f629
0x9ad227d56a36b33407916f3293db2d298095dca9;0x0000000000000000000000000000000000000000;0x9ad227d56a36b33407916f3293db2d298095dca9;10200248;1591286215;2020-06-04 08:56:55;1120207673247467243440173;HEX2T;STABLE HEX2T;;0xe2d7b40f4dd0b77c755ee84d637b2880b1f480b111fcb1ea751ed4f08f4f460f;0x28697b4a1618a77b1d61a85e99174616b519f629
0x9ad227d56a36b33407916f3293db2d298095dca9;0x9ad227d56a36b33407916f3293db2d298095dca9;0xedaedd22e653c504ff6806bf61664292848eb26e;10197415;1591248330;2020-06-03 22:25:30;214433580178281437209506196;HEX2T;HEX2T;;0x8f485d6529c06100e565bddd61b1f28ee036804bc9b96e5a4629f338fb788bc8;0xed1199093b1abd07a368dd1c0cdc77d8517ba2a0
0x9ad227d56a36b33407916f3293db2d298095dca9;0x9ad227d56a36b33407916f3293db2d298095dca9;0xedaedd22e653c504ff6806bf61664292848eb26e;10197206;1591245316;2020-06-03 21:35:16;98506129899964436778081689;HEX2T;HEX2T;;0x216c6f1ce40235f116df76d716309badc16881cbe3a4e633212e954dee7a2449;0xed1199093b1abd07a368dd1c0cdc77d8517ba2a0
0x9ad227d56a36b33407916f3293db2d298095dca9;0x0000000000000000000000000000000000000000;0x9ad227d56a36b33407916f3293db2d298095dca9;10197179;1591245030;2020-06-03 21:30:30;90000000000000000000000000;HEX2T;STABLE HEX2T;;0xa0c66e21225681fb208a270124d1d1d390fa8b890960821c9a1a75d8a5513f95;0x28697b4a1618a77b1d61a85e99174616b519f629
0x9ad227d56a36b33407916f3293db2d298095dca9;0x9ad227d56a36b33407916f3293db2d298095dca9;0x28697b4a1618a77b1d61a85e99174616b519f629;10197179;1591245030;2020-06-03 21:30:30;100000000000000000000000000;HEX2T;HEX2T;;0xa0c66e21225681fb208a270124d1d1d390fa8b890960821c9a1a75d8a5513f95;0xed1199093b1abd07a368dd1c0cdc77d8517ba2a0
0x9ad227d56a36b33407916f3293db2d298095dca9;0x7d68c0321cf6b3a12e6e5d5abbaa8f2a13d77fdd;0x9ad227d56a36b33407916f3293db2d298095dca9;10196231;1591232567;2020-06-03 18:02:47;46844784325;HEX;HEX;;0x3485fd49f3c49abd945a03a9dc3882d3e0c899c3357d762f84ad0ce3e8494aff;0x2b591e99afe9f32eaa6214f7b7629768c40eeb39
0x9ad227d56a36b33407916f3293db2d298095dca9;0x9ad227d56a36b33407916f3293db2d298095dca9;0xedaedd22e653c504ff6806bf61664292848eb26e;10194835;1591213522;2020-06-03 12:45:22;182648287841241913941514249;HEX2T;HEX2T;;0x98549196aaea66cd30ae92a02f405e3dbf8e44575bda72cf09999521d9c82a8a;0xed1199093b1abd07a368dd1c0cdc77d8517ba2a0
0x9ad227d56a36b33407916f3293db2d298095dca9;0x9ad227d56a36b33407916f3293db2d298095dca9;0xedaedd22e653c504ff6806bf61664292848eb26e;10194608;1591210313;2020-06-03 11:51:53;444403066906389241905216762;HEX2T;HEX2T;;0x96c7b4034ee95aa8548988f2ca3bbe4ee0d38d8ff64cab092801087adb73edbb;0xed1199093b1abd07a368dd1c0cdc77d8517ba2a0
0x9ad227d56a36b33407916f3293db2d298095dca9;0xf164fc0ec4e93095b804a4795bbe1e041497b92a;0x9ad227d56a36b33407916f3293db2d298095dca9;10190814;1591160252;2020-06-02 21:57:32;180346965420264659390122766;HEX2T;HEX2T;;0xc6bed6ea58e154074c9b0a0d9a315163c118f052445132c78a4fc898206ef777;0xed1199093b1abd07a368dd1c0cdc77d8517ba2a0
0x9ad227d56a36b33407916f3293db2d298095dca9;0x9ad227d56a36b33407916f3293db2d298095dca9;0xedaedd22e653c504ff6806bf61664292848eb26e;10190814;1591160252;2020-06-02 21:57:32;18100885332338489436326;UNI-V2;Uniswap V2;;0xc6bed6ea58e154074c9b0a0d9a315163c118f052445132c78a4fc898206ef777;0xedaedd22e653c504ff6806bf61664292848eb26e
0x9ad227d56a36b33407916f3293db2d298095dca9;0x9ad227d56a36b33407916f3293db2d298095dca9;0xbbb68aa436d5f636981c581bbda279e48ed17b22;10190809;1591160206;2020-06-02 21:56:46;999945957477919292069;PAMP;Pamp Network;;0xed07144a4ac8df70295feaac19af4ce01cbdc4b92fcaa8e8f9171614a644cc33;0xce833222051740aa5427d089a46ff3918763107f
0x9ad227d56a36b33407916f3293db2d298095dca9;0x7d68c0321cf6b3a12e6e5d5abbaa8f2a13d77fdd;0x9ad227d56a36b33407916f3293db2d298095dca9;10189797;1591145903;2020-06-02 17:58:23;44686838210;HEX;HEX;;0xc1c37cb9f35c2df3e59f61aab297642000baaa02dfca8ccb3dee554e0ac71daf;0x2b591e99afe9f32eaa6214f7b7629768c40eeb39
0x9ad227d56a36b33407916f3293db2d298095dca9;0xf164fc0ec4e93095b804a4795bbe1e041497b92a;0x9ad227d56a36b33407916f3293db2d298095dca9;10189373;1591140195;2020-06-02 16:23:15;636459285833023686857648448;HEX2T;HEX2T;;0x555649e89cc9d5f274430385ac17e4d04fa8ca691b822584abe8627807e996cd;0xed1199093b1abd07a368dd1c0cdc77d8517ba2a0
0x9ad227d56a36b33407916f3293db2d298095dca9;0x9ad227d56a36b33407916f3293db2d298095dca9;0xedaedd22e653c504ff6806bf61664292848eb26e;10189373;1591140195;2020-06-02 16:23:15;54302655997015468308976;UNI-V2;Uniswap V2;;0x555649e89cc9d5f274430385ac17e4d04fa8ca691b822584abe8627807e996cd;0xedaedd22e653c504ff6806bf61664292848eb26e
0x9ad227d56a36b33407916f3293db2d298095dca9;0x9ad227d56a36b33407916f3293db2d298095dca9;0x55d5c232d921b9eaa6b37b5845e439acd04b4dba;10189157;1591137237;2020-06-02 15:33:57;5961672570090;HEX;HEX;;0xbe261f4c4d235f6065491085da2edab8f79ce42bb2df5e501933c4e6fc0af8a4;0x2b591e99afe9f32eaa6214f7b7629768c40eeb39
0x9ad227d56a36b33407916f3293db2d298095dca9;0x9ad227d56a36b33407916f3293db2d298095dca9;0x44f00918a540774b422a1a340b75e055ff816d83;10184295;1591073167;2020-06-01 21:46:07;5600000000;HXY;HEX Money;;0x706c08449a117e3c0e54b8090d4ac99e76a7e88eb0d85a5a1a151f79101a6823;0x44f00918a540774b422a1a340b75e055ff816d83
0x9ad227d56a36b33407916f3293db2d298095dca9;0x9ad227d56a36b33407916f3293db2d298095dca9;0xedaedd22e653c504ff6806bf61664292848eb26e;10182343;1591046360;2020-06-01 14:19:20;207571884639011100924325788;HEX2T;HEX2T;;0x0cfefb39550cb52fd6e69297f2cefc6c2c15123614b7f1bc639cb134bc50758c;0xed1199093b1abd07a368dd1c0cdc77d8517ba2a0
0x9ad227d56a36b33407916f3293db2d298095dca9;0x9ad227d56a36b33407916f3293db2d298095dca9;0x55d5c232d921b9eaa6b37b5845e439acd04b4dba;10171237;1590896872;2020-05-30 20:47:52;4862448122894;HEX;HEX;;0x2f160f83910e341d3dd732f8d81a72899494f54c7ef93598782b8777b0d726d4;0x2b591e99afe9f32eaa6214f7b7629768c40eeb39
0x9ad227d56a36b33407916f3293db2d298095dca9;0x3ab6564d5c214bc416ee8421e05219960504eead;0x9ad227d56a36b33407916f3293db2d298095dca9;10161985;1590773132;2020-05-29 10:25:32;26839871524966116;BNT;Bancor;;0x0ad2d69ebfced1d1f7e4a7fa618a3361db142d0643366647d245dad4a0dbcd40;0x1f573d6fb3f13d689ff844b4ce37794d79a7ff1c
0x9ad227d56a36b33407916f3293db2d298095dca9;0x9ad227d56a36b33407916f3293db2d298095dca9;0x3ab6564d5c214bc416ee8421e05219960504eead;10161985;1590773132;2020-05-29 10:25:32;100000000;HEX;HEX;;0x0ad2d69ebfced1d1f7e4a7fa618a3361db142d0643366647d245dad4a0dbcd40;0x2b591e99afe9f32eaa6214f7b7629768c40eeb39
0x9ad227d56a36b33407916f3293db2d298095dca9;0x688d976c46ba022ab5f930a4996274fb46950a73;0x9ad227d56a36b33407916f3293db2d298095dca9;10157435;1590711514;2020-05-28 17:18:34;565903;USDC;USD Coin;;0xca8683bfa690217d3e53b680b5da4e2eb4f1d90ae8f306da23340da177775e05;0xa0b86991c6218b36c1d19d4a2e9eb0ce3606eb48
0x9ad227d56a36b33407916f3293db2d298095dca9;0x9ad227d56a36b33407916f3293db2d298095dca9;0x05cde89ccfa0ada8c88d5a23caaa79ef129e7883;10155152;1590681277;2020-05-28 08:54:37;19646687289649;HEX;HEX;;0xbc357b9aebcf35c3cd7cd8096803381fde4ed08ced0e25db1c7c97c903b87f89;0x2b591e99afe9f32eaa6214f7b7629768c40eeb39
0x9ad227d56a36b33407916f3293db2d298095dca9;0x9ad227d56a36b33407916f3293db2d298095dca9;0x55d5c232d921b9eaa6b37b5845e439acd04b4dba;10143955;1590530821;2020-05-26 15:07:01;8970438286954;HEX;HEX;;0xaa4bc0f615091d7b5fe4ef595c4beeccb5e40a8a783397d1e17c6ab45052cf4d;0x2b591e99afe9f32eaa6214f7b7629768c40eeb39
0x9ad227d56a36b33407916f3293db2d298095dca9;0x9ad227d56a36b33407916f3293db2d298095dca9;0x0000000000000000000000000000000000000000;10118194;1590184819;2020-05-22 15:00:19;100000000000000;HEX;HEX;;0x5c0c24ff48e66409ac116387de866bb86f62af68a6fa3b08cd64b4c529720730;0x2b591e99afe9f32eaa6214f7b7629768c40eeb39
0x9ad227d56a36b33407916f3293db2d298095dca9;0x9ad227d56a36b33407916f3293db2d298095dca9;0x55d5c232d921b9eaa6b37b5845e439acd04b4dba;10110835;1590085322;2020-05-21 11:22:02;5488333638654;HEX;HEX;;0x0924d2a063d75e63f564d3d97d72c627047b89463be01c741b69e3b6644171d8;0x2b591e99afe9f32eaa6214f7b7629768c40eeb39
0x9ad227d56a36b33407916f3293db2d298095dca9;0x61fc4c21b78b67d0408da673a90e4e22a0bc1342;0x9ad227d56a36b33407916f3293db2d298095dca9;10098556;1589920540;2020-05-19 13:35:40;30073681730940;HEX;HEX;;0xf157f0edb3581d198c4c67b1b9b7ab2e75bb3f9e198aa7fff0a5583567af554b;0x2b591e99afe9f32eaa6214f7b7629768c40eeb39
0x9ad227d56a36b33407916f3293db2d298095dca9;0xf164fc0ec4e93095b804a4795bbe1e041497b92a;0x9ad227d56a36b33407916f3293db2d298095dca9;10093975;1589859118;2020-05-18 20:31:58;63536071171123;HEX;HEX;;0xb9fb9be2b3ab666ca46bfdf063815cf8443607c2717d4b5eb57071cb0228b4f0;0x2b591e99afe9f32eaa6214f7b7629768c40eeb39
0x9ad227d56a36b33407916f3293db2d298095dca9;0x9ad227d56a36b33407916f3293db2d298095dca9;0x55d5c232d921b9eaa6b37b5845e439acd04b4dba;10093975;1589859118;2020-05-18 20:31:58;27574649246556488;UNI-V2;Uniswap V2;;0xb9fb9be2b3ab666ca46bfdf063815cf8443607c2717d4b5eb57071cb0228b4f0;0x55d5c232d921b9eaa6b37b5845e439acd04b4dba
0x9ad227d56a36b33407916f3293db2d298095dca9;0xf164fc0ec4e93095b804a4795bbe1e041497b92a;0x9ad227d56a36b33407916f3293db2d298095dca9;10093907;1589858283;2020-05-18 20:18:03;62106189912464;HEX;HEX;;0x700de2ac26876a3ed1adb381ee821939b9d39e04a6820424aa72ac7977015342;0x2b591e99afe9f32eaa6214f7b7629768c40eeb39
0x9ad227d56a36b33407916f3293db2d298095dca9;0x9ad227d56a36b33407916f3293db2d298095dca9;0x55d5c232d921b9eaa6b37b5845e439acd04b4dba;10093907;1589858283;2020-05-18 20:18:03;26865313517200325;UNI-V2;Uniswap V2;;0x700de2ac26876a3ed1adb381ee821939b9d39e04a6820424aa72ac7977015342;0x55d5c232d921b9eaa6b37b5845e439acd04b4dba
0x9ad227d56a36b33407916f3293db2d298095dca9;0x9ad227d56a36b33407916f3293db2d298095dca9;0x05cde89ccfa0ada8c88d5a23caaa79ef129e7883;10092445;1589838009;2020-05-18 14:40:09;40000000000000;HEX;HEX;;0x00f42ec58fec4fbe1978018e06592b7b8e29db2e347b8563a702c6b3655fc462;0x2b591e99afe9f32eaa6214f7b7629768c40eeb39
0x9ad227d56a36b33407916f3293db2d298095dca9;0x9ad227d56a36b33407916f3293db2d298095dca9;0x0000000000000000000000000000000000000000;10080760;1589680917;2020-05-16 19:01:57;50000000000000;HEX;HEX;;0x91f308682f633816807651d107cc4e8098422e347494b40c8e1a86a1c8a8632e;0x2b591e99afe9f32eaa6214f7b7629768c40eeb39
0x9ad227d56a36b33407916f3293db2d298095dca9;0x9ad227d56a36b33407916f3293db2d298095dca9;0x96a55b0c130535f17086810a34214bc85a04d3b4;10075264;1589607032;2020-05-15 22:30:32;1000000000000;HEX;HEX;;0x413aa5e37188bd24f180491b1cb69201857d52f66435b956d188e0aa4866a30b;0x2b591e99afe9f32eaa6214f7b7629768c40eeb39
0x9ad227d56a36b33407916f3293db2d298095dca9;0x9ad227d56a36b33407916f3293db2d298095dca9;0x96a55b0c130535f17086810a34214bc85a04d3b4;10075254;1589606958;2020-05-15 22:29:18;100000000000;HEX;HEX;;0x22de0674a53c5ae0d23dfec0212aeb20fde1381c6db2ce2285e91c5ee5ef8769;0x2b591e99afe9f32eaa6214f7b7629768c40eeb39
0x9ad227d56a36b33407916f3293db2d298095dca9;0x0000000000000000000000000000000000000000;0x9ad227d56a36b33407916f3293db2d298095dca9;9931955;1587687833;2020-04-23 17:23:53;6610550776;HEX;HEX;;0x09dcf19f51aaeffd2432d7bbf42ac2c30d3b483247fd143fd7691c8bf4b75a87;0x2b591e99afe9f32eaa6214f7b7629768c40eeb39
0x9ad227d56a36b33407916f3293db2d298095dca9;0x61fc4c21b78b67d0408da673a90e4e22a0bc1342;0x9ad227d56a36b33407916f3293db2d298095dca9;9926919;1587620058;2020-04-22 22:34:18;18773238432389;HEX;HEX;;0xc257799a8c0da9ba7364ba43b09aa443a7495bb94990d9e0065133bc38bb9967;0x2b591e99afe9f32eaa6214f7b7629768c40eeb39
