txHash;EtherscanUrl;txType;debitAsset;debitAmount;creditAsset;creditAmount;txFeeAccount;txFeeAsset;txFeeAmount;Memo;debitAccount;creditAccount;txFeeAccount;timestamp;dateTime
0x1315726b765987e7f52f375ffd19d65f6fd8f9b2b16caad1642807d9127d05d1;https://etherscan.io/tx/0x1315726b765987e7f52f375ffd19d65f6fd8f9b2b16caad1642807d9127d05d1;Deposit;Ether;0,9999218;Ether;0,9999218;0x915f68fdfe1970fc94daa5d1c0dcc89ab6f9f085;Ether;0,00315;Withdraw 0.9999218 Ether From  Binance;0x915f68fdfe1970fc94daa5d1c0dcc89ab6f9f085;0x564286362092d8e7936f0549571a803b203aaced (Binance 3);0x915f68fdfe1970fc94daa5d1c0dcc89ab6f9f085;1598544111;2020-08-27T19:01:51Z
0x563b6cd5d3f0a337db2a980eb8879b0b41bcd847f95af6d5672b064f72fce210;https://etherscan.io/tx/0x563b6cd5d3f0a337db2a980eb8879b0b41bcd847f95af6d5672b064f72fce210;Trade;USDC;34,282663;Ether;0,09;0x915f68fdfe1970fc94daa5d1c0dcc89ab6f9f085;Ether;0,00618691213623;Swap 0.09 Ether for 34.282663 USDC on Uniswap;0x915f68fdfe1970fc94daa5d1c0dcc89ab6f9f085;0x915f68fdfe1970fc94daa5d1c0dcc89ab6f9f085;0x915f68fdfe1970fc94daa5d1c0dcc89ab6f9f085;1598559487;2020-08-27T23:18:07Z
0x314abcebdef0f181be361f6dfeacd9b164da76cdd993561cdfd084239ab85d20;https://etherscan.io/tx/0x314abcebdef0f181be361f6dfeacd9b164da76cdd993561cdfd084239ab85d20;Fee;;0;Ether;0;0x915f68fdfe1970fc94daa5d1c0dcc89ab6f9f085;Ether;0,00144025;Loss on fail transaction;;0x915f68fdfe1970fc94daa5d1c0dcc89ab6f9f085;0x915f68fdfe1970fc94daa5d1c0dcc89ab6f9f085;1598560375;2020-08-27T23:32:55Z
0xe333569462d3428642bb6879fa4f69faefac0ad22465277c56103e18b73fe646;https://etherscan.io/tx/0xe333569462d3428642bb6879fa4f69faefac0ad22465277c56103e18b73fe646;Trade;USDC;337,624603;Ether;0,89;0x915f68fdfe1970fc94daa5d1c0dcc89ab6f9f085;Ether;0,005634536;Swap 0.89 Ether for 337.624603 USDC on Uniswap;0x915f68fdfe1970fc94daa5d1c0dcc89ab6f9f085;0x915f68fdfe1970fc94daa5d1c0dcc89ab6f9f085;0x915f68fdfe1970fc94daa5d1c0dcc89ab6f9f085;1598561045;2020-08-27T23:44:05Z
0x0cdef5fe098e78c7f3e9269a018a266730fe3165dfc640e047473f3e6298eb86;https://etherscan.io/tx/0x0cdef5fe098e78c7f3e9269a018a266730fe3165dfc640e047473f3e6298eb86;Fee;;0;Ether;0;0x915f68fdfe1970fc94daa5d1c0dcc89ab6f9f085;Ether;0,00230898136822;Approved  UNI-V2 For Trade On  SushiSwap: MasterChef LP Staking Pool;;0x915f68fdfe1970fc94daa5d1c0dcc89ab6f9f085;0x915f68fdfe1970fc94daa5d1c0dcc89ab6f9f085;1598696913;2020-08-29T13:28:33Z
0xb6b0a72354d3ad4b7e8904d5ff07902e7fea5ce552b3762c50049fa1be4258a8;https://etherscan.io/tx/0xb6b0a72354d3ad4b7e8904d5ff07902e7fea5ce552b3762c50049fa1be4258a8;Deposit;Ether;0,99904;Ether;0,99904;0x915f68fdfe1970fc94daa5d1c0dcc89ab6f9f085;Ether;0,002373;Withdraw 0.99904 Ether From  Binance;0x915f68fdfe1970fc94daa5d1c0dcc89ab6f9f085;0x0681d8db095565fe8a346fa0277bffde9c0edbbf (Binance 4);0x915f68fdfe1970fc94daa5d1c0dcc89ab6f9f085;1598696980;2020-08-29T13:29:40Z
0xcfc7461e7623f26ce91494956e78e09f9b25431b91e30c5520d555209cb8bd8e;https://etherscan.io/tx/0xcfc7461e7623f26ce91494956e78e09f9b25431b91e30c5520d555209cb8bd8e;Fee;;0;Ether;0;0x915f68fdfe1970fc94daa5d1c0dcc89ab6f9f085;Ether;0,0027847669;Approved  USDC For Trade On  Curve.fi: Compound Swap;;0x915f68fdfe1970fc94daa5d1c0dcc89ab6f9f085;0x915f68fdfe1970fc94daa5d1c0dcc89ab6f9f085;1598698588;2020-08-29T13:56:28Z
0x7fc71b0a603d51cbc6cb457dd1e343a6a408d201c1380267d21302c6c14eff32;https://etherscan.io/tx/0x7fc71b0a603d51cbc6cb457dd1e343a6a408d201c1380267d21302c6c14eff32;Trade;DAI;98,48753043383277;USDC;100;0x915f68fdfe1970fc94daa5d1c0dcc89ab6f9f085;Ether;0,0401024337;Swap 100 USDC for 98.48753043383277 DAI;0x915f68fdfe1970fc94daa5d1c0dcc89ab6f9f085;0x915f68fdfe1970fc94daa5d1c0dcc89ab6f9f085;0x915f68fdfe1970fc94daa5d1c0dcc89ab6f9f085;1598698592;2020-08-29T13:56:32Z
0x7513fadad6ae0c9af1142c6ce3b491d6fc7f4c3a0cf1b87d22fb2436fc94702f;https://etherscan.io/tx/0x7513fadad6ae0c9af1142c6ce3b491d6fc7f4c3a0cf1b87d22fb2436fc94702f;Deposit;Ether;3,33286186;Ether;3,33286186;0x915f68fdfe1970fc94daa5d1c0dcc89ab6f9f085;Ether;0,0021;;0x915f68fdfe1970fc94daa5d1c0dcc89ab6f9f085;0x2a9aa6b8204117920821e4bf4da94f98161efdb0;0x915f68fdfe1970fc94daa5d1c0dcc89ab6f9f085;1598727572;2020-08-29T21:59:32Z
0xd99f5079238f9c0251959d24469eb73103859e05e6fc0fd1f1bd1f0eab1c156d;https://etherscan.io/tx/0xd99f5079238f9c0251959d24469eb73103859e05e6fc0fd1f1bd1f0eab1c156d;Fee;;0;Ether;0;0x915f68fdfe1970fc94daa5d1c0dcc89ab6f9f085;Ether;0,0049547;Approved  USDC For Trade On  0xbb7678acd5494ca06d9738dcbd2bdf1c6d58672f;;0x915f68fdfe1970fc94daa5d1c0dcc89ab6f9f085;0x915f68fdfe1970fc94daa5d1c0dcc89ab6f9f085;1598728763;2020-08-29T22:19:23Z
0x55abaead72c77d41bfbaa371c6ad4ab00d57bfdcfa943cef089fbc3c6d352296;https://etherscan.io/tx/0x55abaead72c77d41bfbaa371c6ad4ab00d57bfdcfa943cef089fbc3c6d352296;Trade;yDAI+y...;1067,3269209033538;USDC;1121,6828;0x915f68fdfe1970fc94daa5d1c0dcc89ab6f9f085;Ether;0,0833844;Swap 1121.6828 USDC for 1067.3269209033538 yDAI+y...;0x915f68fdfe1970fc94daa5d1c0dcc89ab6f9f085;0x915f68fdfe1970fc94daa5d1c0dcc89ab6f9f085;0x915f68fdfe1970fc94daa5d1c0dcc89ab6f9f085;1598728775;2020-08-29T22:19:35Z
0xaf69d4bff49854a2dd0f1140adfd93aac53ddaeccb59860e42b2dfc5ca41e3f1;https://etherscan.io/tx/0xaf69d4bff49854a2dd0f1140adfd93aac53ddaeccb59860e42b2dfc5ca41e3f1;Trade;SUSHI;1731,339744228549;Ether;4;0x915f68fdfe1970fc94daa5d1c0dcc89ab6f9f085;Ether;0,0397425;Swap 4 Ether for 1731.339744228549 SUSHI on Uniswap;0x915f68fdfe1970fc94daa5d1c0dcc89ab6f9f085;0x915f68fdfe1970fc94daa5d1c0dcc89ab6f9f085;0x915f68fdfe1970fc94daa5d1c0dcc89ab6f9f085;1598730527;2020-08-29T22:48:47Z
0xaf69d4bff49854a2dd0f1140adfd93aac53ddaeccb59860e42b2dfc5ca41e3f1;https://etherscan.io/tx/0xaf69d4bff49854a2dd0f1140adfd93aac53ddaeccb59860e42b2dfc5ca41e3f1;Trade;Ether;1,9911847120049222;SUSHI;866,893076052733;;;0;Swap 866.893076052733 SUSHI for 1.9911847120049222 Ether on Uniswap;0x915f68fdfe1970fc94daa5d1c0dcc89ab6f9f085;0x915f68fdfe1970fc94daa5d1c0dcc89ab6f9f085;;1598730527;2020-08-29T22:48:47Z
0xaf69d4bff49854a2dd0f1140adfd93aac53ddaeccb59860e42b2dfc5ca41e3f1;https://etherscan.io/tx/0xaf69d4bff49854a2dd0f1140adfd93aac53ddaeccb59860e42b2dfc5ca41e3f1;Deposit;UNI-V2;40,459092657318884;UNI-V2;40,459092657318884;;;0;UnStake 40.459092657318884 LP tokens UNI-V2;0x915f68fdfe1970fc94daa5d1c0dcc89ab6f9f085;0x80c5e6908368cb9db503ba968d7ec5a565bfb389 (Zapper.Fi: Uniswap V2 Zap In);;1598730527;2020-08-29T22:48:47Z
0x00a5f0caa1832bebf90d96e87314fd9381fef6748da605f1a430086949b8622d;https://etherscan.io/tx/0x00a5f0caa1832bebf90d96e87314fd9381fef6748da605f1a430086949b8622d;Withdrawl;UNI-V2;40,459092657318884;UNI-V2;40,459092657318884;0x915f68fdfe1970fc94daa5d1c0dcc89ab6f9f085;Ether;0,00671178204473;Stake 40.459092657318884 LP tokens UNI-V2;0xc2edad668740f1aa35e4d8f227fb8e17dca888cd (SushiSwap: MasterChef LP Staking Pool);0x915f68fdfe1970fc94daa5d1c0dcc89ab6f9f085;0x915f68fdfe1970fc94daa5d1c0dcc89ab6f9f085;1598732771;2020-08-29T23:26:11Z
0x7a67501853b1076014bcdb876e583cc5c01212c33475509d9d09a6f27eb1cd85;https://etherscan.io/tx/0x7a67501853b1076014bcdb876e583cc5c01212c33475509d9d09a6f27eb1cd85;Withdrawl;yDAI+y...;1067,3269209033538;yDAI+y...;1067,3269209033538;0x915f68fdfe1970fc94daa5d1c0dcc89ab6f9f085;Ether;0,0212906;Withdrawal 1067.3269209033538 yDAI+y... to Curve.fi: yCrv Gauge;0xfa712ee4788c042e2b7bb55e6cb8ec569c4530c1 (Curve.fi: yCrv Gauge);0x915f68fdfe1970fc94daa5d1c0dcc89ab6f9f085;0x915f68fdfe1970fc94daa5d1c0dcc89ab6f9f085;1598733515;2020-08-29T23:38:35Z
0x39426e7c538419bf58721c7042fa37a24fe8b3ca9c835710dc739bee5ccaaa65;https://etherscan.io/tx/0x39426e7c538419bf58721c7042fa37a24fe8b3ca9c835710dc739bee5ccaaa65;Fee;;0;Ether;0;0x915f68fdfe1970fc94daa5d1c0dcc89ab6f9f085;Ether;0,0044906;Approved  yDAI+yUSDC+yUSDT+yTUSD For Trade On  Curve.fi: yCrv Gauge;;0x915f68fdfe1970fc94daa5d1c0dcc89ab6f9f085;0x915f68fdfe1970fc94daa5d1c0dcc89ab6f9f085;1598733515;2020-08-29T23:38:35Z
0x869adfa5e2ccd0d7d4981c5f2687f777cfb9815d6bec4b7f0fbcb12ce241ab24;https://etherscan.io/tx/0x869adfa5e2ccd0d7d4981c5f2687f777cfb9815d6bec4b7f0fbcb12ce241ab24;Deposit;Ether;26,05977;Ether;26,05977;0x915f68fdfe1970fc94daa5d1c0dcc89ab6f9f085;Ether;0,00504;;0x915f68fdfe1970fc94daa5d1c0dcc89ab6f9f085;0x2874ec5e322a6ee1358d74d9317183567ad28815;0x915f68fdfe1970fc94daa5d1c0dcc89ab6f9f085;1598804518;2020-08-30T19:21:58Z
0x1d9e3c7963cf563d9ed501f987998e617c01fbcc9d8c3bfb3ac7bc8051887db7;https://etherscan.io/tx/0x1d9e3c7963cf563d9ed501f987998e617c01fbcc9d8c3bfb3ac7bc8051887db7;Trade;SUSHI;4160,785220684235;Ether;26;0x915f68fdfe1970fc94daa5d1c0dcc89ab6f9f085;Ether;0,09540816;Swap 26 Ether for 4160.785220684235 SUSHI on Uniswap;0x915f68fdfe1970fc94daa5d1c0dcc89ab6f9f085;0x915f68fdfe1970fc94daa5d1c0dcc89ab6f9f085;0x915f68fdfe1970fc94daa5d1c0dcc89ab6f9f085;1598805203;2020-08-30T19:33:23Z
0x1d9e3c7963cf563d9ed501f987998e617c01fbcc9d8c3bfb3ac7bc8051887db7;https://etherscan.io/tx/0x1d9e3c7963cf563d9ed501f987998e617c01fbcc9d8c3bfb3ac7bc8051887db7;Trade;Ether;12,943520347942252;SUSHI;2083,202468062293;;;0;Swap 2083.202468062293 SUSHI for 12.943520347942252 Ether on Uniswap;0x915f68fdfe1970fc94daa5d1c0dcc89ab6f9f085;0x915f68fdfe1970fc94daa5d1c0dcc89ab6f9f085;;1598805203;2020-08-30T19:33:23Z
0x1d9e3c7963cf563d9ed501f987998e617c01fbcc9d8c3bfb3ac7bc8051887db7;https://etherscan.io/tx/0x1d9e3c7963cf563d9ed501f987998e617c01fbcc9d8c3bfb3ac7bc8051887db7;Deposit;UNI-V2;159,24788674989918;UNI-V2;159,24788674989918;;;0;UnStake 159.24788674989918 LP tokens UNI-V2;0x915f68fdfe1970fc94daa5d1c0dcc89ab6f9f085;0x80c5e6908368cb9db503ba968d7ec5a565bfb389 (Zapper.Fi: Uniswap V2 Zap In);;1598805203;2020-08-30T19:33:23Z
0x925ef3bc90cb651fa43c6354dcc503e6dbf7ee15ff7f6d3bb156104eeb9984e9;https://etherscan.io/tx/0x925ef3bc90cb651fa43c6354dcc503e6dbf7ee15ff7f6d3bb156104eeb9984e9;Fee;;0;Ether;0;0x915f68fdfe1970fc94daa5d1c0dcc89ab6f9f085;Ether;0,03484248;Loss on fail transaction;;0x915f68fdfe1970fc94daa5d1c0dcc89ab6f9f085;0x915f68fdfe1970fc94daa5d1c0dcc89ab6f9f085;1598805457;2020-08-30T19:37:37Z
0xad1ff7bb2b79ccb8c6fc602fba520ad9d52f5e910752d99c7a69d80046f2600d;https://etherscan.io/tx/0xad1ff7bb2b79ccb8c6fc602fba520ad9d52f5e910752d99c7a69d80046f2600d;Fee;;0;Ether;0;0x915f68fdfe1970fc94daa5d1c0dcc89ab6f9f085;Ether;0,035858719;Loss on fail transaction;;0x915f68fdfe1970fc94daa5d1c0dcc89ab6f9f085;0x915f68fdfe1970fc94daa5d1c0dcc89ab6f9f085;1598805787;2020-08-30T19:43:07Z
0xdcdaef506626e51fe9a60d978856d277638f36a9ea024af84a598b8d7e7701a9;https://etherscan.io/tx/0xdcdaef506626e51fe9a60d978856d277638f36a9ea024af84a598b8d7e7701a9;Deposit;Ether;0,11;Ether;0,11;0x915f68fdfe1970fc94daa5d1c0dcc89ab6f9f085;Ether;0,00504;;0x915f68fdfe1970fc94daa5d1c0dcc89ab6f9f085;0x21143a9e93c7359a24c8e29bf9cef35a65e3d59b;0x915f68fdfe1970fc94daa5d1c0dcc89ab6f9f085;1598808640;2020-08-30T20:30:40Z
0x9970374a1ed4e2f4b97e0a5d9532cdb53572326f3724df3a1e1d03b8cc485121;https://etherscan.io/tx/0x9970374a1ed4e2f4b97e0a5d9532cdb53572326f3724df3a1e1d03b8cc485121;Fee;;0;Ether;0;0x915f68fdfe1970fc94daa5d1c0dcc89ab6f9f085;Ether;0,03774602;Loss on fail transaction;;0x915f68fdfe1970fc94daa5d1c0dcc89ab6f9f085;0x915f68fdfe1970fc94daa5d1c0dcc89ab6f9f085;1598809374;2020-08-30T20:42:54Z
0x2f7dcaf90c1edb0d694629e2a0dc58dc6096b30517a5b842288e564d1619b102;https://etherscan.io/tx/0x2f7dcaf90c1edb0d694629e2a0dc58dc6096b30517a5b842288e564d1619b102;Fee;;0;Ether;0;0x915f68fdfe1970fc94daa5d1c0dcc89ab6f9f085;Ether;0,018437479;Loss on fail transaction;;0x915f68fdfe1970fc94daa5d1c0dcc89ab6f9f085;0x915f68fdfe1970fc94daa5d1c0dcc89ab6f9f085;1598813526;2020-08-30T21:52:06Z
0xe7fae90a354d40c9d9ee7bb4f3c41881a07789ba466fcf14e24d6eb546587e2d;https://etherscan.io/tx/0xe7fae90a354d40c9d9ee7bb4f3c41881a07789ba466fcf14e24d6eb546587e2d;Deposit;SUSHI;101,62245624862064;SUSHI;101,62245624862064;0x915f68fdfe1970fc94daa5d1c0dcc89ab6f9f085;Ether;0,012513105;Deposit 101.62245624862064 SUSHI from SushiSwap: MasterChef LP Staking Pool;0x915f68fdfe1970fc94daa5d1c0dcc89ab6f9f085;0xc2edad668740f1aa35e4d8f227fb8e17dca888cd (SushiSwap: MasterChef LP Staking Pool);0x915f68fdfe1970fc94daa5d1c0dcc89ab6f9f085;1598815042;2020-08-30T22:17:22Z
0xe7fae90a354d40c9d9ee7bb4f3c41881a07789ba466fcf14e24d6eb546587e2d;https://etherscan.io/tx/0xe7fae90a354d40c9d9ee7bb4f3c41881a07789ba466fcf14e24d6eb546587e2d;Withdrawl;UNI-V2;159,24788674989918;UNI-V2;159,24788674989918;;;0;Stake 159.24788674989918 LP tokens UNI-V2;0xc2edad668740f1aa35e4d8f227fb8e17dca888cd (SushiSwap: MasterChef LP Staking Pool);0x915f68fdfe1970fc94daa5d1c0dcc89ab6f9f085;;1598815042;2020-08-30T22:17:22Z
0x5a38f31c6ed1045b53f20fea1dbf51e1c60ad79f03fd7e2eb87667b238ab430a;https://etherscan.io/tx/0x5a38f31c6ed1045b53f20fea1dbf51e1c60ad79f03fd7e2eb87667b238ab430a;Deposit;Ether;1;Ether;1;0x915f68fdfe1970fc94daa5d1c0dcc89ab6f9f085;Ether;0,01386;Withdraw 1 Ether From  Binance;0x915f68fdfe1970fc94daa5d1c0dcc89ab6f9f085;0x0681d8db095565fe8a346fa0277bffde9c0edbbf (Binance 4);0x915f68fdfe1970fc94daa5d1c0dcc89ab6f9f085;1599049821;2020-09-02T15:30:21Z
0x94cb2d9f2d4b6d278b0a44b4e1676ebc09807f46551176eea329e97073d23b17;https://etherscan.io/tx/0x94cb2d9f2d4b6d278b0a44b4e1676ebc09807f46551176eea329e97073d23b17;Deposit;SUSHI;586,2005353854269;SUSHI;586,2005353854269;0x915f68fdfe1970fc94daa5d1c0dcc89ab6f9f085;Ether;0,05706928204463;Deposit 586.2005353854269 SUSHI from SushiSwap: MasterChef LP Staking Pool;0x915f68fdfe1970fc94daa5d1c0dcc89ab6f9f085;0xc2edad668740f1aa35e4d8f227fb8e17dca888cd (SushiSwap: MasterChef LP Staking Pool);0x915f68fdfe1970fc94daa5d1c0dcc89ab6f9f085;1599076470;2020-09-02T22:54:30Z
0x0a2371d6c15b7f41a430ffeee70e43119844fda895f6f4395844d4b1ffc5e0be;https://etherscan.io/tx/0x0a2371d6c15b7f41a430ffeee70e43119844fda895f6f4395844d4b1ffc5e0be;Withdrawl;Ether;0,6581;Ether;0,6581;0x915f68fdfe1970fc94daa5d1c0dcc89ab6f9f085;Ether;0,007371;;0x0076f45582fc3533c82a8ab08c8f719bb70abfd8;0x915f68fdfe1970fc94daa5d1c0dcc89ab6f9f085;0x915f68fdfe1970fc94daa5d1c0dcc89ab6f9f085;1599076470;2020-09-02T22:54:30Z
0x44af6afbb95b28525d2eea3019ff81805d3cbb77338ea2033f0470d12e356619;https://etherscan.io/tx/0x44af6afbb95b28525d2eea3019ff81805d3cbb77338ea2033f0470d12e356619;Deposit;Ether;0,8241192225808667;Ether;0,8241192225808667;0x915f68fdfe1970fc94daa5d1c0dcc89ab6f9f085;Ether;0,008211;;0x915f68fdfe1970fc94daa5d1c0dcc89ab6f9f085;0x7cf22917643f15520121a6eece65be4a609cce5b;0x915f68fdfe1970fc94daa5d1c0dcc89ab6f9f085;1599080423;2020-09-03T00:00:23Z
0x7e588c96d3d3b8c8286aec3cda47140e89afdff1da216a4f0f568c6826215afb;https://etherscan.io/tx/0x7e588c96d3d3b8c8286aec3cda47140e89afdff1da216a4f0f568c6826215afb;Fee;;0;Ether;0;0x915f68fdfe1970fc94daa5d1c0dcc89ab6f9f085;Ether;0,015229335;Approved  SUSHI For Trade On  Zapper.Fi: Uniswap V2 Zap In;;0x915f68fdfe1970fc94daa5d1c0dcc89ab6f9f085;0x915f68fdfe1970fc94daa5d1c0dcc89ab6f9f085;1599128599;2020-09-03T13:23:19Z
0xc444537433af755ec878d55e199a0f29bb1b195ba6a219a09d0bcde1dc091ca0;https://etherscan.io/tx/0xc444537433af755ec878d55e199a0f29bb1b195ba6a219a09d0bcde1dc091ca0;Fee;;0;Ether;0;0x915f68fdfe1970fc94daa5d1c0dcc89ab6f9f085;Ether;0,0918606312;Loss on fail transaction;;0x915f68fdfe1970fc94daa5d1c0dcc89ab6f9f085;0x915f68fdfe1970fc94daa5d1c0dcc89ab6f9f085;1599163359;2020-09-03T23:02:39Z
0x6c6fa9a1589b10bd4bb6d69332a8079e3ab43953391e77a4de53d5564b524eca;https://etherscan.io/tx/0x6c6fa9a1589b10bd4bb6d69332a8079e3ab43953391e77a4de53d5564b524eca;Deposit;SUSHI;232,6906050975438;SUSHI;232,6906050975438;0x915f68fdfe1970fc94daa5d1c0dcc89ab6f9f085;Ether;0,0164955876;Deposit 232.6906050975438 SUSHI from SushiSwap: MasterChef LP Staking Pool;0x915f68fdfe1970fc94daa5d1c0dcc89ab6f9f085;0xc2edad668740f1aa35e4d8f227fb8e17dca888cd (SushiSwap: MasterChef LP Staking Pool);0x915f68fdfe1970fc94daa5d1c0dcc89ab6f9f085;1599212095;2020-09-04T12:34:55Z
0x60e86375198dc1cf717cb8fb8559479501d8acafc246b9ec02dce4592854ba1a;https://etherscan.io/tx/0x60e86375198dc1cf717cb8fb8559479501d8acafc246b9ec02dce4592854ba1a;Trade;Ether;6,646880568564049;SUSHI;460,94160438208394;0x915f68fdfe1970fc94daa5d1c0dcc89ab6f9f085;Ether;0,086815845;Swap 460.94160438208394 SUSHI for 6.646880568564049 Ether on Uniswap;0x915f68fdfe1970fc94daa5d1c0dcc89ab6f9f085;0x915f68fdfe1970fc94daa5d1c0dcc89ab6f9f085;0x915f68fdfe1970fc94daa5d1c0dcc89ab6f9f085;1599216599;2020-09-04T13:49:59Z
0x60e86375198dc1cf717cb8fb8559479501d8acafc246b9ec02dce4592854ba1a;https://etherscan.io/tx/0x60e86375198dc1cf717cb8fb8559479501d8acafc246b9ec02dce4592854ba1a;Deposit;UNI-V2;52,913388079831606;UNI-V2;52,913388079831606;;;0;UnStake 52.913388079831606 LP tokens UNI-V2;0x915f68fdfe1970fc94daa5d1c0dcc89ab6f9f085;0x80c5e6908368cb9db503ba968d7ec5a565bfb389 (Zapper.Fi: Uniswap V2 Zap In);;1599216599;2020-09-04T13:49:59Z
0x315164253882474b9641e7bec3d1bb5b937f0e1ecd82f013a5890ab91a57fc3e;https://etherscan.io/tx/0x315164253882474b9641e7bec3d1bb5b937f0e1ecd82f013a5890ab91a57fc3e;Fee;;0;Ether;0;0x915f68fdfe1970fc94daa5d1c0dcc89ab6f9f085;Ether;0,03189602;Loss on fail transaction;;0x915f68fdfe1970fc94daa5d1c0dcc89ab6f9f085;0x915f68fdfe1970fc94daa5d1c0dcc89ab6f9f085;1599216626;2020-09-04T13:50:26Z
0x6eb86e13758e49f9d8c1d8e7fb0017e1083ad07b5b7a658878c855c241900901;https://etherscan.io/tx/0x6eb86e13758e49f9d8c1d8e7fb0017e1083ad07b5b7a658878c855c241900901;Deposit;SUSHI;7,278914726949809;SUSHI;7,278914726949809;0x915f68fdfe1970fc94daa5d1c0dcc89ab6f9f085;Ether;0,030304449;Deposit 7.278914726949809 SUSHI from SushiSwap: MasterChef LP Staking Pool;0x915f68fdfe1970fc94daa5d1c0dcc89ab6f9f085;0xc2edad668740f1aa35e4d8f227fb8e17dca888cd (SushiSwap: MasterChef LP Staking Pool);0x915f68fdfe1970fc94daa5d1c0dcc89ab6f9f085;1599216686;2020-09-04T13:51:26Z
0x6eb86e13758e49f9d8c1d8e7fb0017e1083ad07b5b7a658878c855c241900901;https://etherscan.io/tx/0x6eb86e13758e49f9d8c1d8e7fb0017e1083ad07b5b7a658878c855c241900901;Withdrawl;UNI-V2;52,913388079831606;UNI-V2;52,913388079831606;;;0;Stake 52.913388079831606 LP tokens UNI-V2;0xc2edad668740f1aa35e4d8f227fb8e17dca888cd (SushiSwap: MasterChef LP Staking Pool);0x915f68fdfe1970fc94daa5d1c0dcc89ab6f9f085;;1599216686;2020-09-04T13:51:26Z
0x3e6e27e99d0697aa1815e07150699789ce25f8ec51c6ff05882df5a7536e97c8;https://etherscan.io/tx/0x3e6e27e99d0697aa1815e07150699789ce25f8ec51c6ff05882df5a7536e97c8;Deposit;SUSHI;658,6579418231731;SUSHI;658,6579418231731;0x915f68fdfe1970fc94daa5d1c0dcc89ab6f9f085;Ether;0,00552616;Deposit 658.6579418231731 SUSHI from SushiSwap: MasterChef LP Staking Pool;0x915f68fdfe1970fc94daa5d1c0dcc89ab6f9f085;0xc2edad668740f1aa35e4d8f227fb8e17dca888cd (SushiSwap: MasterChef LP Staking Pool);0x915f68fdfe1970fc94daa5d1c0dcc89ab6f9f085;1599477551;2020-09-07T14:19:11Z
0x6f74a7881d5d12a65f8b19d02a8f69a0b762acd426941a90b14d5510cea5a5b6;https://etherscan.io/tx/0x6f74a7881d5d12a65f8b19d02a8f69a0b762acd426941a90b14d5510cea5a5b6;Fee;;0;Ether;0;0x915f68fdfe1970fc94daa5d1c0dcc89ab6f9f085;Ether;0,010241952;Loss on fail transaction;;0x915f68fdfe1970fc94daa5d1c0dcc89ab6f9f085;0x915f68fdfe1970fc94daa5d1c0dcc89ab6f9f085;1599923568;2020-09-12T18:12:48Z
0x96ab5fb3984360775702c787b7662396fa1bf7b5255859c439439f3ef2481d60;https://etherscan.io/tx/0x96ab5fb3984360775702c787b7662396fa1bf7b5255859c439439f3ef2481d60;Fee;;0;Ether;0;0x915f68fdfe1970fc94daa5d1c0dcc89ab6f9f085;Ether;0,0109999;Loss on fail transaction;;0x915f68fdfe1970fc94daa5d1c0dcc89ab6f9f085;0x915f68fdfe1970fc94daa5d1c0dcc89ab6f9f085;1599923650;2020-09-12T18:14:10Z
0xac3de92481b8edf890c5e8d6e7e825c5cdfcd69f4a8e9335c610d33f621d19f9;https://etherscan.io/tx/0xac3de92481b8edf890c5e8d6e7e825c5cdfcd69f4a8e9335c610d33f621d19f9;Deposit;SUSHI;832,8320293593285;SUSHI;832,8320293593285;0x915f68fdfe1970fc94daa5d1c0dcc89ab6f9f085;Ether;0,012166561;Deposit 832.8320293593285 SUSHI from SushiSwap: MasterChef LP Staking Pool;0x915f68fdfe1970fc94daa5d1c0dcc89ab6f9f085;0xc2edad668740f1aa35e4d8f227fb8e17dca888cd (SushiSwap: MasterChef LP Staking Pool);0x915f68fdfe1970fc94daa5d1c0dcc89ab6f9f085;1599924430;2020-09-12T18:27:10Z
0xdfda4f439f7b0edda4b9d820f505c7f0f08e15cd919946ea3bac00dc76e00c6d;https://etherscan.io/tx/0xdfda4f439f7b0edda4b9d820f505c7f0f08e15cd919946ea3bac00dc76e00c6d;Fee;;0;Ether;0;0x915f68fdfe1970fc94daa5d1c0dcc89ab6f9f085;Ether;0,004485107;Approved  SUSHI For Trade On  Uniswap V2: Router 2;;0x915f68fdfe1970fc94daa5d1c0dcc89ab6f9f085;0x915f68fdfe1970fc94daa5d1c0dcc89ab6f9f085;1599925394;2020-09-12T18:43:14Z
0x6a30a8c731cf7dc39eb3572acea825ff4c82255f719a94343cea9e64f05b10bf;https://etherscan.io/tx/0x6a30a8c731cf7dc39eb3572acea825ff4c82255f719a94343cea9e64f05b10bf;Deposit;Ether;1,28815;Ether;1,28815;0x915f68fdfe1970fc94daa5d1c0dcc89ab6f9f085;Ether;0,002583;Withdraw 1.28815 Ether From  Binance;0x915f68fdfe1970fc94daa5d1c0dcc89ab6f9f085;0x0681d8db095565fe8a346fa0277bffde9c0edbbf (Binance 4);0x915f68fdfe1970fc94daa5d1c0dcc89ab6f9f085;1599925507;2020-09-12T18:45:07Z
0x3cdfff583b0955cb086f87a905b6d1ab25b5dd7be70b155fd0445bdee9172e77;https://etherscan.io/tx/0x3cdfff583b0955cb086f87a905b6d1ab25b5dd7be70b155fd0445bdee9172e77;Trade;Ether;9,739060184358754;SUSHI;1498,7689826410426;0x915f68fdfe1970fc94daa5d1c0dcc89ab6f9f085;Ether;0,0100697;Swap 1498.7689826410426 SUSHI for 9.739060184358754 Ether on Uniswap;0x915f68fdfe1970fc94daa5d1c0dcc89ab6f9f085;0x915f68fdfe1970fc94daa5d1c0dcc89ab6f9f085;0x915f68fdfe1970fc94daa5d1c0dcc89ab6f9f085;1599925944;2020-09-12T18:52:24Z
0x26526f3775e48cbceee85fb9f8155fd858a2413662f944bc0247db0d4724df9f;https://etherscan.io/tx/0x26526f3775e48cbceee85fb9f8155fd858a2413662f944bc0247db0d4724df9f;Deposit;Ether;1,27200994;Ether;1,27200994;0x915f68fdfe1970fc94daa5d1c0dcc89ab6f9f085;Ether;0,003066;Withdraw 1.27200994 Ether From  Binance;0x915f68fdfe1970fc94daa5d1c0dcc89ab6f9f085;0x564286362092d8e7936f0549571a803b203aaced (Binance 3);0x915f68fdfe1970fc94daa5d1c0dcc89ab6f9f085;1599941589;2020-09-12T23:13:09Z
0x75ca1450ee090ff4a74d936ceb19e5ad525be9fb519f28d2866297f4c4ddadec;https://etherscan.io/tx/0x75ca1450ee090ff4a74d936ceb19e5ad525be9fb519f28d2866297f4c4ddadec;Deposit;Ether;1,33214534;Ether;1,33214534;0x915f68fdfe1970fc94daa5d1c0dcc89ab6f9f085;Ether;0,002625;Withdraw 1.33214534 Ether From  Binance;0x915f68fdfe1970fc94daa5d1c0dcc89ab6f9f085;0xd551234ae421e3bcba99a0da6d736074f22192ff (Binance 2);0x915f68fdfe1970fc94daa5d1c0dcc89ab6f9f085;1600202699;2020-09-15T23:44:59Z
0x7390d227f709322fe71d4623ffa91bcf8190cc02a6fbfc9761f34570d858d334;https://etherscan.io/tx/0x7390d227f709322fe71d4623ffa91bcf8190cc02a6fbfc9761f34570d858d334;Deposit;UNI;400,121255;UNI;400,121255;0x915f68fdfe1970fc94daa5d1c0dcc89ab6f9f085;Ether;0,0340437655962;Deposit 400.121255 UNI from Uniswap: Token Distributor;0x915f68fdfe1970fc94daa5d1c0dcc89ab6f9f085;0x090d4613473dee047c3f2706764f49e0821d256e (Uniswap: Token Distributor);0x915f68fdfe1970fc94daa5d1c0dcc89ab6f9f085;1600421703;2020-09-18T12:35:03Z
0xfae3cf346bf64dd71fdc5d6884f2003908056e9b5e772d207e576780328f7a54;https://etherscan.io/tx/0xfae3cf346bf64dd71fdc5d6884f2003908056e9b5e772d207e576780328f7a54;Fee;;0;Ether;0;0x915f68fdfe1970fc94daa5d1c0dcc89ab6f9f085;Ether;0,010334482;Approved  SLP For Trade On  SushiSwap: MasterChef LP Staking Pool;;0x915f68fdfe1970fc94daa5d1c0dcc89ab6f9f085;0x915f68fdfe1970fc94daa5d1c0dcc89ab6f9f085;1600421891;2020-09-18T12:38:11Z
0x8e4fe5e45f196d2e4d1109b28c6694e88312562e0b5728cd2c1611de4773072d;https://etherscan.io/tx/0x8e4fe5e45f196d2e4d1109b28c6694e88312562e0b5728cd2c1611de4773072d;Deposit;SUSHI;229,29899719098958;SUSHI;229,29899719098958;0x915f68fdfe1970fc94daa5d1c0dcc89ab6f9f085;Ether;0,0336052;Deposit 229.29899719098958 SUSHI from SushiSwap: MasterChef LP Staking Pool;0x915f68fdfe1970fc94daa5d1c0dcc89ab6f9f085;0xc2edad668740f1aa35e4d8f227fb8e17dca888cd (SushiSwap: MasterChef LP Staking Pool);0x915f68fdfe1970fc94daa5d1c0dcc89ab6f9f085;1600425034;2020-09-18T13:30:34Z
0x8e4fe5e45f196d2e4d1109b28c6694e88312562e0b5728cd2c1611de4773072d;https://etherscan.io/tx/0x8e4fe5e45f196d2e4d1109b28c6694e88312562e0b5728cd2c1611de4773072d;Deposit;SLP;252,62036748704966;SLP;252,62036748704966;;;0;UnStake 252.62036748704966 LP tokens SLP;0x915f68fdfe1970fc94daa5d1c0dcc89ab6f9f085;0xc2edad668740f1aa35e4d8f227fb8e17dca888cd (SushiSwap: MasterChef LP Staking Pool);;1600425034;2020-09-18T13:30:34Z
0x3384084648e2a4372a27c9a8587ecb347fcd7fc8e1118180821e36701b69a29a;https://etherscan.io/tx/0x3384084648e2a4372a27c9a8587ecb347fcd7fc8e1118180821e36701b69a29a;Fee;;0;Ether;0;0x915f68fdfe1970fc94daa5d1c0dcc89ab6f9f085;Ether;0,014409326;;;0x915f68fdfe1970fc94daa5d1c0dcc89ab6f9f085;0x915f68fdfe1970fc94daa5d1c0dcc89ab6f9f085;1600425809;2020-09-18T13:43:29Z
0xf689483c853fbd899a598267788f6b2c6b0c1e28ffc401620d47b4f56bdcb3a5;https://etherscan.io/tx/0xf689483c853fbd899a598267788f6b2c6b0c1e28ffc401620d47b4f56bdcb3a5;Deposit;SUSHI;4019,046722757623;SUSHI;4019,046722757623;0x915f68fdfe1970fc94daa5d1c0dcc89ab6f9f085;Ether;0,05406115;Deposit 4019.046722757623 SUSHI from SushiSwap: Router;0x915f68fdfe1970fc94daa5d1c0dcc89ab6f9f085;0xd9e1ce17f2641f24ae83637ab66a2cca9c378b9f (SushiSwap: Router);0x915f68fdfe1970fc94daa5d1c0dcc89ab6f9f085;1600427040;2020-09-18T14:04:00Z
0xf689483c853fbd899a598267788f6b2c6b0c1e28ffc401620d47b4f56bdcb3a5;https://etherscan.io/tx/0xf689483c853fbd899a598267788f6b2c6b0c1e28ffc401620d47b4f56bdcb3a5;Withdrawl;SLP;252,62036748704966;SLP;252,62036748704966;;;0;Stake 252.62036748704966 LP tokens SLP;0x795065dcc9f64b5614c407a6efdc400da6221fb0;0x915f68fdfe1970fc94daa5d1c0dcc89ab6f9f085;;1600427040;2020-09-18T14:04:00Z
0x355ed8ada3de6245ff54982cb31b20bb491f5f3095f18b6d795d4f23c6ca11b4;https://etherscan.io/tx/0x355ed8ada3de6245ff54982cb31b20bb491f5f3095f18b6d795d4f23c6ca11b4;Fee;;0;Ether;0;0x915f68fdfe1970fc94daa5d1c0dcc89ab6f9f085;Ether;0,008614958;Approved  SUSHI For Trade On  SushiSwap: Router;;0x915f68fdfe1970fc94daa5d1c0dcc89ab6f9f085;0x915f68fdfe1970fc94daa5d1c0dcc89ab6f9f085;1600427629;2020-09-18T14:13:49Z
0x5124b54eed2ac12d36ba1e1834fd2f5815bf2849377c37c69db51a2ffe387d56;https://etherscan.io/tx/0x5124b54eed2ac12d36ba1e1834fd2f5815bf2849377c37c69db51a2ffe387d56;Fee;;0;Ether;0;0x915f68fdfe1970fc94daa5d1c0dcc89ab6f9f085;Ether;0,013823797862;Loss on fail transaction;;0x915f68fdfe1970fc94daa5d1c0dcc89ab6f9f085;0x915f68fdfe1970fc94daa5d1c0dcc89ab6f9f085;1600427828;2020-09-18T14:17:08Z
0x9b9bcd724873b3d20d635293451affceaa8e193ba4000765e0541d03625d2c02;https://etherscan.io/tx/0x9b9bcd724873b3d20d635293451affceaa8e193ba4000765e0541d03625d2c02;Trade;MOON;8027,066421476578;Ether;31;0x915f68fdfe1970fc94daa5d1c0dcc89ab6f9f085;Ether;0,09072675;Swap 31 Ether for 8027.066421476578 MOON on Uniswap;0x915f68fdfe1970fc94daa5d1c0dcc89ab6f9f085;0x915f68fdfe1970fc94daa5d1c0dcc89ab6f9f085;0x915f68fdfe1970fc94daa5d1c0dcc89ab6f9f085;1600427886;2020-09-18T14:18:06Z
0x9b9bcd724873b3d20d635293451affceaa8e193ba4000765e0541d03625d2c02;https://etherscan.io/tx/0x9b9bcd724873b3d20d635293451affceaa8e193ba4000765e0541d03625d2c02;Trade;Ether;15,440579381250341;MOON;4016,934277577636;;;0;Swap 4016.934277577636 MOON for 15.440579381250341 Ether on Uniswap;0x915f68fdfe1970fc94daa5d1c0dcc89ab6f9f085;0x915f68fdfe1970fc94daa5d1c0dcc89ab6f9f085;;1600427886;2020-09-18T14:18:06Z
0x9b9bcd724873b3d20d635293451affceaa8e193ba4000765e0541d03625d2c02;https://etherscan.io/tx/0x9b9bcd724873b3d20d635293451affceaa8e193ba4000765e0541d03625d2c02;Deposit;UNI-V2;235,71011773347587;UNI-V2;235,71011773347587;;;0;UnStake 235.71011773347587 LP tokens UNI-V2;0x915f68fdfe1970fc94daa5d1c0dcc89ab6f9f085;0x80c5e6908368cb9db503ba968d7ec5a565bfb389 (Zapper.Fi: Uniswap V2 Zap In);;1600427886;2020-09-18T14:18:06Z
0x8a7a14757577fc2c2e4771902bc0e4f0dd3c278d626e8321a2fb95a09b359706;https://etherscan.io/tx/0x8a7a14757577fc2c2e4771902bc0e4f0dd3c278d626e8321a2fb95a09b359706;Fee;;0;Ether;0;0x915f68fdfe1970fc94daa5d1c0dcc89ab6f9f085;Ether;0,00586088203669;Approved  SLP For Trade On  SushiSwap: MasterChef LP Staking Pool;;0x915f68fdfe1970fc94daa5d1c0dcc89ab6f9f085;0x915f68fdfe1970fc94daa5d1c0dcc89ab6f9f085;1600427886;2020-09-18T14:18:06Z
0x1d87ebfa8cec676a61da916fc973f14423a888c831ebb06dcb364a7750c50fc1;https://etherscan.io/tx/0x1d87ebfa8cec676a61da916fc973f14423a888c831ebb06dcb364a7750c50fc1;Fee;;0;Ether;0;0x915f68fdfe1970fc94daa5d1c0dcc89ab6f9f085;Ether;0,00779433606461;Approved  UNI-V2 For Trade On  0xb60c12d2a4069d339f49943fc45df6785b436096;;0x915f68fdfe1970fc94daa5d1c0dcc89ab6f9f085;0x915f68fdfe1970fc94daa5d1c0dcc89ab6f9f085;1600427983;2020-09-18T14:19:43Z
0xcbdb03dc04fdd2c26fbab794bbd909ffc4788c3df6d03bb95d7aa50caf2e63ff;https://etherscan.io/tx/0xcbdb03dc04fdd2c26fbab794bbd909ffc4788c3df6d03bb95d7aa50caf2e63ff;Withdrawl;UNI-V2;235,71011773347587;UNI-V2;235,71011773347587;0x915f68fdfe1970fc94daa5d1c0dcc89ab6f9f085;Ether;0,037101792;Stake 235.71011773347587 LP tokens UNI-V2;0xb60c12d2a4069d339f49943fc45df6785b436096;0x915f68fdfe1970fc94daa5d1c0dcc89ab6f9f085;0x915f68fdfe1970fc94daa5d1c0dcc89ab6f9f085;1600428044;2020-09-18T14:20:44Z
0x2ec4019ddad80d69b6cc74ea846cf04d9f91ef456b68241d2925b9adc7acf177;https://etherscan.io/tx/0x2ec4019ddad80d69b6cc74ea846cf04d9f91ef456b68241d2925b9adc7acf177;Fee;;0;Ether;0;0x915f68fdfe1970fc94daa5d1c0dcc89ab6f9f085;Ether;0,00717402;Loss on fail transaction;;0x915f68fdfe1970fc94daa5d1c0dcc89ab6f9f085;0x915f68fdfe1970fc94daa5d1c0dcc89ab6f9f085;1600432771;2020-09-18T15:39:31Z
0x3edf8395c89c3903bd625865462e1dc0d20b6170556d105b116e7506157a7372;https://etherscan.io/tx/0x3edf8395c89c3903bd625865462e1dc0d20b6170556d105b116e7506157a7372;Trade;Ether;18,671574534686762;SUSHI;4288,405459948613;0x915f68fdfe1970fc94daa5d1c0dcc89ab6f9f085;Ether;0,037147803;Swap 4288.405459948613 SUSHI for 18.671574534686762 Ether on Uniswap;0x915f68fdfe1970fc94daa5d1c0dcc89ab6f9f085;0x915f68fdfe1970fc94daa5d1c0dcc89ab6f9f085;0x915f68fdfe1970fc94daa5d1c0dcc89ab6f9f085;1600433473;2020-09-18T15:51:13Z
0x3edf8395c89c3903bd625865462e1dc0d20b6170556d105b116e7506157a7372;https://etherscan.io/tx/0x3edf8395c89c3903bd625865462e1dc0d20b6170556d105b116e7506157a7372;Trade;UNI;1391,3005987881945;Ether;18,671574534686762;;;0;Swap 18.671574534686762 Ether for 1391.3005987881945 UNI on Uniswap;0x915f68fdfe1970fc94daa5d1c0dcc89ab6f9f085;0x915f68fdfe1970fc94daa5d1c0dcc89ab6f9f085;;1600433473;2020-09-18T15:51:13Z
0x8a40f24b42d9df82988f488224661e5b0d863ab979fabbbf1e476cb41d4fb130;https://etherscan.io/tx/0x8a40f24b42d9df82988f488224661e5b0d863ab979fabbbf1e476cb41d4fb130;Deposit;yDAI+y...;1067,3269209033538;yDAI+y...;1067,3269209033538;0x915f68fdfe1970fc94daa5d1c0dcc89ab6f9f085;Ether;0,074719831186;Deposit 1067.3269209033538 yDAI+y... from Curve.fi: yCrv Gauge;0x915f68fdfe1970fc94daa5d1c0dcc89ab6f9f085;0xfa712ee4788c042e2b7bb55e6cb8ec569c4530c1 (Curve.fi: yCrv Gauge);0x915f68fdfe1970fc94daa5d1c0dcc89ab6f9f085;1600460479;2020-09-18T23:21:19Z
0x6f40d67505031a360255f93cc3015a0bd385cb7850891b54304671e0e8a6e225;https://etherscan.io/tx/0x6f40d67505031a360255f93cc3015a0bd385cb7850891b54304671e0e8a6e225;Fee;;0;Ether;0;0x915f68fdfe1970fc94daa5d1c0dcc89ab6f9f085;Ether;0,011155458708;Approved  yDAI+yUSDC+yUSDT+yTUSD For Trade On  Curve.fi: y Deposit;;0x915f68fdfe1970fc94daa5d1c0dcc89ab6f9f085;0x915f68fdfe1970fc94daa5d1c0dcc89ab6f9f085;1600460483;2020-09-18T23:21:23Z
0x97ece79373ada1524ec24f9213df593bbdbbceca7a41b8f11b88d6c558ade9d1;https://etherscan.io/tx/0x97ece79373ada1524ec24f9213df593bbdbbceca7a41b8f11b88d6c558ade9d1;Deposit;CRV;11,772113470984936;CRV;11,772113470984936;0x915f68fdfe1970fc94daa5d1c0dcc89ab6f9f085;Ether;0,050766454062;Deposit 11.772113470984936 CRV;0x915f68fdfe1970fc94daa5d1c0dcc89ab6f9f085;0x0000000000000000000000000000000000000000;0x915f68fdfe1970fc94daa5d1c0dcc89ab6f9f085;1600460493;2020-09-18T23:21:33Z
0x50b53cfba012e5351afe7029aa4ebb52696eb798da57c54174f71bd40e4d8370;https://etherscan.io/tx/0x50b53cfba012e5351afe7029aa4ebb52696eb798da57c54174f71bd40e4d8370;Fee;;0;Ether;0;0x915f68fdfe1970fc94daa5d1c0dcc89ab6f9f085;Ether;0,132444786328;Loss on fail transaction;;0x915f68fdfe1970fc94daa5d1c0dcc89ab6f9f085;0x915f68fdfe1970fc94daa5d1c0dcc89ab6f9f085;1600460615;2020-09-18T23:23:35Z
0xe86f8385f11ce3e77a3595448b8c8a0d8c4a5f4de5281417ae16cfda64a6ba0d;https://etherscan.io/tx/0xe86f8385f11ce3e77a3595448b8c8a0d8c4a5f4de5281417ae16cfda64a6ba0d;Fee;;0;Ether;0;0x915f68fdfe1970fc94daa5d1c0dcc89ab6f9f085;Ether;0,00741147;Approved  yDAI+yUSDC+yUSDT+yTUSD For Trade On  0x4bf331aa2bfb0869315fb81a350d109f4839f81b;;0x915f68fdfe1970fc94daa5d1c0dcc89ab6f9f085;0x915f68fdfe1970fc94daa5d1c0dcc89ab6f9f085;1600464628;2020-09-19T00:30:28Z
0x74643fbd73e5ec444d4dbd3d413a2860aa2130cd719982a343da67338fab137d;https://etherscan.io/tx/0x74643fbd73e5ec444d4dbd3d413a2860aa2130cd719982a343da67338fab137d;Trade;DAI;1113,9887251059974;yDAI+y...;1067,3269209033538;0x915f68fdfe1970fc94daa5d1c0dcc89ab6f9f085;Ether;0,10112325372;Swap 1067.3269209033538 yDAI+y... for 1113.9887251059974 DAI;0x915f68fdfe1970fc94daa5d1c0dcc89ab6f9f085;0x915f68fdfe1970fc94daa5d1c0dcc89ab6f9f085;0x915f68fdfe1970fc94daa5d1c0dcc89ab6f9f085;1600551878;2020-09-20T00:44:38Z
0x8988f01b0be70d5c5f645637ef2c3cbe7354513d4904867b0b70fa8330588841;https://etherscan.io/tx/0x8988f01b0be70d5c5f645637ef2c3cbe7354513d4904867b0b70fa8330588841;Deposit;Ether;1,24269828;Ether;1,24269828;0x915f68fdfe1970fc94daa5d1c0dcc89ab6f9f085;Ether;0,002436;Withdraw 1.24269828 Ether From  Binance;0x915f68fdfe1970fc94daa5d1c0dcc89ab6f9f085;0xd551234ae421e3bcba99a0da6d736074f22192ff (Binance 2);0x915f68fdfe1970fc94daa5d1c0dcc89ab6f9f085;1600590347;2020-09-20T11:25:47Z
0xc14583fa03ff433ecd681b6de6e008df4517fda8cd7467548224b559688a65f9;https://etherscan.io/tx/0xc14583fa03ff433ecd681b6de6e008df4517fda8cd7467548224b559688a65f9;Deposit;Ether;1,41462559;Ether;1,41462559;0x915f68fdfe1970fc94daa5d1c0dcc89ab6f9f085;Ether;0,002562;Withdraw 1.41462559 Ether From  Binance;0x915f68fdfe1970fc94daa5d1c0dcc89ab6f9f085;0xd551234ae421e3bcba99a0da6d736074f22192ff (Binance 2);0x915f68fdfe1970fc94daa5d1c0dcc89ab6f9f085;1600850621;2020-09-23T11:43:41Z
0xb602bae4dd7bce0af5876c8216d8db257bf22386ec921bd07122a39b46619186;https://etherscan.io/tx/0xb602bae4dd7bce0af5876c8216d8db257bf22386ec921bd07122a39b46619186;Deposit;Ether;1,41505316;Ether;1,41505316;0x915f68fdfe1970fc94daa5d1c0dcc89ab6f9f085;Ether;0,002562;Withdraw 1.41505316 Ether From  Binance;0x915f68fdfe1970fc94daa5d1c0dcc89ab6f9f085;0xd551234ae421e3bcba99a0da6d736074f22192ff (Binance 2);0x915f68fdfe1970fc94daa5d1c0dcc89ab6f9f085;1600851164;2020-09-23T11:52:44Z
0x8113f143705d2129353a49647b201d14f6aa4a4d57540018a11b52ae79f2276e;https://etherscan.io/tx/0x8113f143705d2129353a49647b201d14f6aa4a4d57540018a11b52ae79f2276e;Deposit;MOON;663,2835438400094;MOON;663,2835438400094;0x915f68fdfe1970fc94daa5d1c0dcc89ab6f9f085;Ether;0,009676918;Deposit 663.2835438400094 MOON;0x915f68fdfe1970fc94daa5d1c0dcc89ab6f9f085;0xb60c12d2a4069d339f49943fc45df6785b436096;0x915f68fdfe1970fc94daa5d1c0dcc89ab6f9f085;1600859430;2020-09-23T14:10:30Z
0x8113f143705d2129353a49647b201d14f6aa4a4d57540018a11b52ae79f2276e;https://etherscan.io/tx/0x8113f143705d2129353a49647b201d14f6aa4a4d57540018a11b52ae79f2276e;Deposit;UNI-V2;235,71011773347587;UNI-V2;235,71011773347587;;;0;UnStake 235.71011773347587 LP tokens UNI-V2;0x915f68fdfe1970fc94daa5d1c0dcc89ab6f9f085;0xb60c12d2a4069d339f49943fc45df6785b436096;;1600859430;2020-09-23T14:10:30Z
0x2eacbc08e701dec44d81889d14e55f5c9418dd189b9ca11059222fe29741e301;https://etherscan.io/tx/0x2eacbc08e701dec44d81889d14e55f5c9418dd189b9ca11059222fe29741e301;Deposit;MOON;5211,790317803934;MOON;5211,790317803934;0x915f68fdfe1970fc94daa5d1c0dcc89ab6f9f085;Ether;0,024752268;Deposit 5211.790317803934 MOON from Uniswap V2: Router 2;0x915f68fdfe1970fc94daa5d1c0dcc89ab6f9f085;0x7a250d5630b4cf539739df2c5dacb4c659f2488d (Uniswap V2: Router 2);0x915f68fdfe1970fc94daa5d1c0dcc89ab6f9f085;1600873011;2020-09-23T17:56:51Z
0x2eacbc08e701dec44d81889d14e55f5c9418dd189b9ca11059222fe29741e301;https://etherscan.io/tx/0x2eacbc08e701dec44d81889d14e55f5c9418dd189b9ca11059222fe29741e301;Withdrawl;UNI-V2;235,71011773347587;UNI-V2;235,71011773347587;;;0;Stake 235.71011773347587 LP tokens UNI-V2;0x8927616110cf23c4e87dc98614eb9fbaae95216c (Uniswap V2: MOON 18);0x915f68fdfe1970fc94daa5d1c0dcc89ab6f9f085;;1600873011;2020-09-23T17:56:51Z
0x7f7d4fe6261b8de215adfaf77effa12c14b008b5357216607f9be24d0cc03d5d;https://etherscan.io/tx/0x7f7d4fe6261b8de215adfaf77effa12c14b008b5357216607f9be24d0cc03d5d;Fee;;0;Ether;0;0x915f68fdfe1970fc94daa5d1c0dcc89ab6f9f085;Ether;0,007060713;Approved  MOON For Trade On  Uniswap V2: Router 2;;0x915f68fdfe1970fc94daa5d1c0dcc89ab6f9f085;0x915f68fdfe1970fc94daa5d1c0dcc89ab6f9f085;1600875166;2020-09-23T18:32:46Z
0xf5dd98b65e39379e06aa31cca1b5fbc8d8b8229948c789579d0cb0f0d2633282;https://etherscan.io/tx/0xf5dd98b65e39379e06aa31cca1b5fbc8d8b8229948c789579d0cb0f0d2633282;Trade;Ether;13,35344518550059;MOON;5875,073861643943;0x915f68fdfe1970fc94daa5d1c0dcc89ab6f9f085;Ether;0,0121076736;Swap 5875.073861643943 MOON for 13.35344518550059 Ether on Uniswap;0x915f68fdfe1970fc94daa5d1c0dcc89ab6f9f085;0x915f68fdfe1970fc94daa5d1c0dcc89ab6f9f085;0x915f68fdfe1970fc94daa5d1c0dcc89ab6f9f085;1600876113;2020-09-23T18:48:33Z
0x973b6048825b58a5b091eaf62d80e9eaf1ffe4a92d2f90b8ba8a5933e5860108;https://etherscan.io/tx/0x973b6048825b58a5b091eaf62d80e9eaf1ffe4a92d2f90b8ba8a5933e5860108;Fee;;0;Ether;0;0x915f68fdfe1970fc94daa5d1c0dcc89ab6f9f085;Ether;0,00615411;Approved  UNI For Trade On  Zapper.Fi: Uniswap V2 Zap In;;0x915f68fdfe1970fc94daa5d1c0dcc89ab6f9f085;0x915f68fdfe1970fc94daa5d1c0dcc89ab6f9f085;1600882716;2020-09-23T20:38:36Z
0x72d2bd7ba36b9538d2f8dd2bddc2ce46b754f25cb2cc00891c57f9d36c4cc8e7;https://etherscan.io/tx/0x72d2bd7ba36b9538d2f8dd2bddc2ce46b754f25cb2cc00891c57f9d36c4cc8e7;Trade;Ether;13,681319359649834;UNI;896,9700767426217;0x915f68fdfe1970fc94daa5d1c0dcc89ab6f9f085;Ether;0,044238285;Swap 896.9700767426217 UNI for 13.681319359649834 Ether on Uniswap;0x915f68fdfe1970fc94daa5d1c0dcc89ab6f9f085;0x915f68fdfe1970fc94daa5d1c0dcc89ab6f9f085;0x915f68fdfe1970fc94daa5d1c0dcc89ab6f9f085;1600882872;2020-09-23T20:41:12Z
0x72d2bd7ba36b9538d2f8dd2bddc2ce46b754f25cb2cc00891c57f9d36c4cc8e7;https://etherscan.io/tx/0x72d2bd7ba36b9538d2f8dd2bddc2ce46b754f25cb2cc00891c57f9d36c4cc8e7;Deposit;UNI-V2;61,57188600911535;UNI-V2;61,57188600911535;;;0;UnStake 61.57188600911535 LP tokens UNI-V2;0x915f68fdfe1970fc94daa5d1c0dcc89ab6f9f085;0x80c5e6908368cb9db503ba968d7ec5a565bfb389 (Zapper.Fi: Uniswap V2 Zap In);;1600882872;2020-09-23T20:41:12Z
0x150f686047e2a30e32566d727e85e827e8746cc6d002cbab235a019843e6ae0e;https://etherscan.io/tx/0x150f686047e2a30e32566d727e85e827e8746cc6d002cbab235a019843e6ae0e;Fee;;0;Ether;0;0x915f68fdfe1970fc94daa5d1c0dcc89ab6f9f085;Ether;0,0058380456;Approved  DAI For Trade On  Zapper.Fi: Uniswap V2 Zap In;;0x915f68fdfe1970fc94daa5d1c0dcc89ab6f9f085;0x915f68fdfe1970fc94daa5d1c0dcc89ab6f9f085;1600882893;2020-09-23T20:41:33Z
0xbbda9afb27b2720cfcd9e462507daae6684c18bc88bdd909ffad3aba0d0ca533;https://etherscan.io/tx/0xbbda9afb27b2720cfcd9e462507daae6684c18bc88bdd909ffad3aba0d0ca533;Trade;Ether;1,7896439957837535;DAI;607,147607100575;0x915f68fdfe1970fc94daa5d1c0dcc89ab6f9f085;Ether;0,040276736;Swap 607.147607100575 DAI for 1.7896439957837535 Ether on Uniswap;0x915f68fdfe1970fc94daa5d1c0dcc89ab6f9f085;0x915f68fdfe1970fc94daa5d1c0dcc89ab6f9f085;0x915f68fdfe1970fc94daa5d1c0dcc89ab6f9f085;1600883195;2020-09-23T20:46:35Z
0xbbda9afb27b2720cfcd9e462507daae6684c18bc88bdd909ffad3aba0d0ca533;https://etherscan.io/tx/0xbbda9afb27b2720cfcd9e462507daae6684c18bc88bdd909ffad3aba0d0ca533;Deposit;UNI-V2;27,98825289807409;UNI-V2;27,98825289807409;;;0;UnStake 27.98825289807409 LP tokens UNI-V2;0x915f68fdfe1970fc94daa5d1c0dcc89ab6f9f085;0x80c5e6908368cb9db503ba968d7ec5a565bfb389 (Zapper.Fi: Uniswap V2 Zap In);;1600883195;2020-09-23T20:46:35Z
0xc813ebbe47b17a799d4892b6b14a269fb922b06d6bacd4482af8ef56b0603c72;https://etherscan.io/tx/0xc813ebbe47b17a799d4892b6b14a269fb922b06d6bacd4482af8ef56b0603c72;Trade;PICKLE;275,1341093736212;Ether;29;0x915f68fdfe1970fc94daa5d1c0dcc89ab6f9f085;Ether;0,050385744;Swap 29 Ether for 275.1341093736212 PICKLE on Uniswap;0x915f68fdfe1970fc94daa5d1c0dcc89ab6f9f085;0x915f68fdfe1970fc94daa5d1c0dcc89ab6f9f085;0x915f68fdfe1970fc94daa5d1c0dcc89ab6f9f085;1600883309;2020-09-23T20:48:29Z
0xc813ebbe47b17a799d4892b6b14a269fb922b06d6bacd4482af8ef56b0603c72;https://etherscan.io/tx/0xc813ebbe47b17a799d4892b6b14a269fb922b06d6bacd4482af8ef56b0603c72;Trade;Ether;14,43745978348922;PICKLE;137,7485785389374;;;0;Swap 137.7485785389374 PICKLE for 14.43745978348922 Ether on Uniswap;0x915f68fdfe1970fc94daa5d1c0dcc89ab6f9f085;0x915f68fdfe1970fc94daa5d1c0dcc89ab6f9f085;;1600883309;2020-09-23T20:48:29Z
0xc813ebbe47b17a799d4892b6b14a269fb922b06d6bacd4482af8ef56b0603c72;https://etherscan.io/tx/0xc813ebbe47b17a799d4892b6b14a269fb922b06d6bacd4482af8ef56b0603c72;Deposit;UNI-V2;42,17637755167188;UNI-V2;42,17637755167188;;;0;UnStake 42.17637755167188 LP tokens UNI-V2;0x915f68fdfe1970fc94daa5d1c0dcc89ab6f9f085;0x80c5e6908368cb9db503ba968d7ec5a565bfb389 (Zapper.Fi: Uniswap V2 Zap In);;1600883309;2020-09-23T20:48:29Z
0x4536f36c03ef8765df02be52e7004268f8a1235f280476a1b302f0c104069908;https://etherscan.io/tx/0x4536f36c03ef8765df02be52e7004268f8a1235f280476a1b302f0c104069908;Fee;;0;Ether;0;0x915f68fdfe1970fc94daa5d1c0dcc89ab6f9f085;Ether;0,0042868848;Approved  UNI-V2 For Trade On  0xbd17b1ce622d73bd438b9e658aca5996dc394b0d;;0x915f68fdfe1970fc94daa5d1c0dcc89ab6f9f085;0x915f68fdfe1970fc94daa5d1c0dcc89ab6f9f085;1600886662;2020-09-23T21:44:22Z
0x3a7cee2b68202b81e1b5fc4766fa9d9e3d3c815095701084dd1170086cb81a4e;https://etherscan.io/tx/0x3a7cee2b68202b81e1b5fc4766fa9d9e3d3c815095701084dd1170086cb81a4e;Withdrawl;UNI-V2;42,17637755167188;UNI-V2;42,17637755167188;0x915f68fdfe1970fc94daa5d1c0dcc89ab6f9f085;Ether;0,012168553;Stake 42.17637755167188 LP tokens UNI-V2;0xbd17b1ce622d73bd438b9e658aca5996dc394b0d;0x915f68fdfe1970fc94daa5d1c0dcc89ab6f9f085;0x915f68fdfe1970fc94daa5d1c0dcc89ab6f9f085;1600886814;2020-09-23T21:46:54Z
0x0cbbe772e8ebb7c4a2f733f8421528ad72362c3cd3e5511144d718b48492f0f5;https://etherscan.io/tx/0x0cbbe772e8ebb7c4a2f733f8421528ad72362c3cd3e5511144d718b48492f0f5;Fee;;0;Ether;0;0x915f68fdfe1970fc94daa5d1c0dcc89ab6f9f085;Ether;0,0042868848;Approved  UNI-V2 For Trade On  Uniswap V2: ETH/DAI UNI Pool;;0x915f68fdfe1970fc94daa5d1c0dcc89ab6f9f085;0x915f68fdfe1970fc94daa5d1c0dcc89ab6f9f085;1600887286;2020-09-23T21:54:46Z
0x97cc5ff9433d0872a0152525a5661bb0b30ef3f3ed8d595d881624dca6b3d1a4;https://etherscan.io/tx/0x97cc5ff9433d0872a0152525a5661bb0b30ef3f3ed8d595d881624dca6b3d1a4;Withdrawl;UNI-V2;27,98825289807409;UNI-V2;27,98825289807409;0x915f68fdfe1970fc94daa5d1c0dcc89ab6f9f085;Ether;0,01897473665189;Stake 27.98825289807409 LP tokens UNI-V2;0xa1484c3aa22a66c62b77e0ae78e15258bd0cb711 (Uniswap V2: ETH/DAI UNI Pool);0x915f68fdfe1970fc94daa5d1c0dcc89ab6f9f085;0x915f68fdfe1970fc94daa5d1c0dcc89ab6f9f085;1600891529;2020-09-23T23:05:29Z
0xc7e3a81e85542b8daa98c8a06bbf6cc156c7ae9211082a1559018bf8f0531347;https://etherscan.io/tx/0xc7e3a81e85542b8daa98c8a06bbf6cc156c7ae9211082a1559018bf8f0531347;Deposit;PICKLE;24,15516856894242;PICKLE;24,15516856894242;0x915f68fdfe1970fc94daa5d1c0dcc89ab6f9f085;Ether;0,00577139219137;Deposit 24.15516856894242 PICKLE;0x915f68fdfe1970fc94daa5d1c0dcc89ab6f9f085;0xbd17b1ce622d73bd438b9e658aca5996dc394b0d;0x915f68fdfe1970fc94daa5d1c0dcc89ab6f9f085;1601242174;2020-09-28T00:29:34Z
0x843694f8926d387e05c744fcd0d90b6762d4f68ac6801b85660065d48dced92f;https://etherscan.io/tx/0x843694f8926d387e05c744fcd0d90b6762d4f68ac6801b85660065d48dced92f;Fee;;0;Ether;0;0x915f68fdfe1970fc94daa5d1c0dcc89ab6f9f085;Ether;0,001953864;Approved  PICKLE For Trade On  Uniswap V2: Router 2;;0x915f68fdfe1970fc94daa5d1c0dcc89ab6f9f085;0x915f68fdfe1970fc94daa5d1c0dcc89ab6f9f085;1601244195;2020-09-28T01:03:15Z
0xf7bd2371111372ae14d7f8140fe9ed48dac663220b44b3ff9e4072cc0b020d73;https://etherscan.io/tx/0xf7bd2371111372ae14d7f8140fe9ed48dac663220b44b3ff9e4072cc0b020d73;Trade;Ether;3,38398038395309;PICKLE;24,15516856894242;0x915f68fdfe1970fc94daa5d1c0dcc89ab6f9f085;Ether;0,00484946;Swap 24.15516856894242 PICKLE for 3.38398038395309 Ether on Uniswap;0x915f68fdfe1970fc94daa5d1c0dcc89ab6f9f085;0x915f68fdfe1970fc94daa5d1c0dcc89ab6f9f085;0x915f68fdfe1970fc94daa5d1c0dcc89ab6f9f085;1601244240;2020-09-28T01:04:00Z
0x749b9b9d9725efe84ff7185211f1c2cb3314d7905bf8c9ccd00232410d3858c3;https://etherscan.io/tx/0x749b9b9d9725efe84ff7185211f1c2cb3314d7905bf8c9ccd00232410d3858c3;Deposit;UNI;1,3692925077870322;UNI;1,3692925077870322;0x915f68fdfe1970fc94daa5d1c0dcc89ab6f9f085;Ether;0,006067336;Deposit 1.3692925077870322 UNI from Uniswap V2: ETH/DAI UNI Pool;0x915f68fdfe1970fc94daa5d1c0dcc89ab6f9f085;0xa1484c3aa22a66c62b77e0ae78e15258bd0cb711 (Uniswap V2: ETH/DAI UNI Pool);0x915f68fdfe1970fc94daa5d1c0dcc89ab6f9f085;1601244576;2020-09-28T01:09:36Z
0x749b9b9d9725efe84ff7185211f1c2cb3314d7905bf8c9ccd00232410d3858c3;https://etherscan.io/tx/0x749b9b9d9725efe84ff7185211f1c2cb3314d7905bf8c9ccd00232410d3858c3;Deposit;UNI-V2;27,98825289807409;UNI-V2;27,98825289807409;;;0;UnStake 27.98825289807409 LP tokens UNI-V2;0x915f68fdfe1970fc94daa5d1c0dcc89ab6f9f085;0xa1484c3aa22a66c62b77e0ae78e15258bd0cb711 (Uniswap V2: ETH/DAI UNI Pool);;1601244576;2020-09-28T01:09:36Z
0x3d191d6d72d6e4552328f851dd71ff56474c2d182ed5ba38f5785c70466dc217;https://etherscan.io/tx/0x3d191d6d72d6e4552328f851dd71ff56474c2d182ed5ba38f5785c70466dc217;Withdrawl;UNI-V2;27,98825289807409;UNI-V2;27,98825289807409;0x915f68fdfe1970fc94daa5d1c0dcc89ab6f9f085;Ether;0,004035856;Stake 27.98825289807409 LP tokens UNI-V2;0xa1484c3aa22a66c62b77e0ae78e15258bd0cb711 (Uniswap V2: ETH/DAI UNI Pool);0x915f68fdfe1970fc94daa5d1c0dcc89ab6f9f085;0x915f68fdfe1970fc94daa5d1c0dcc89ab6f9f085;1601244945;2020-09-28T01:15:45Z
0x170d81c514b6b69f4e9369c46dfe57a524607fa751df65f0b3891445b20b0e8e;https://etherscan.io/tx/0x170d81c514b6b69f4e9369c46dfe57a524607fa751df65f0b3891445b20b0e8e;Deposit;UNI;0,5618433719598329;UNI;0,5618433719598329;0x915f68fdfe1970fc94daa5d1c0dcc89ab6f9f085;Ether;0,008411534;Deposit 0.5618433719598329 UNI from Uniswap V2: ETH/DAI UNI Pool;0x915f68fdfe1970fc94daa5d1c0dcc89ab6f9f085;0xa1484c3aa22a66c62b77e0ae78e15258bd0cb711 (Uniswap V2: ETH/DAI UNI Pool);0x915f68fdfe1970fc94daa5d1c0dcc89ab6f9f085;1601411304;2020-09-29T23:28:24Z
0x170d81c514b6b69f4e9369c46dfe57a524607fa751df65f0b3891445b20b0e8e;https://etherscan.io/tx/0x170d81c514b6b69f4e9369c46dfe57a524607fa751df65f0b3891445b20b0e8e;Deposit;UNI-V2;27,98825289807409;UNI-V2;27,98825289807409;;;0;UnStake 27.98825289807409 LP tokens UNI-V2;0x915f68fdfe1970fc94daa5d1c0dcc89ab6f9f085;0xa1484c3aa22a66c62b77e0ae78e15258bd0cb711 (Uniswap V2: ETH/DAI UNI Pool);;1601411304;2020-09-29T23:28:24Z
0xc448cadd4e15cdd493b706723aa9b038106c06deb7fb294d055f56507622c74b;https://etherscan.io/tx/0xc448cadd4e15cdd493b706723aa9b038106c06deb7fb294d055f56507622c74b;Fee;;0;Ether;0;0x915f68fdfe1970fc94daa5d1c0dcc89ab6f9f085;Ether;0,002685342;Approved  UNI-V2 For Trade On  Zapper.Fi: Uniswap Zap Out V2;;0x915f68fdfe1970fc94daa5d1c0dcc89ab6f9f085;0x915f68fdfe1970fc94daa5d1c0dcc89ab6f9f085;1601411335;2020-09-29T23:28:55Z
0x3e70ce4282954a1a74fccf1184fdc0326fade16aeafa4118ff5458f0c10780c2;https://etherscan.io/tx/0x3e70ce4282954a1a74fccf1184fdc0326fade16aeafa4118ff5458f0c10780c2;Deposit;DAI;618,533116391887;DAI;618,533116391887;0x915f68fdfe1970fc94daa5d1c0dcc89ab6f9f085;Ether;0,019045672;Deposit 618.533116391887 DAI from Uniswap V2: Router 2;0x915f68fdfe1970fc94daa5d1c0dcc89ab6f9f085;0x7a250d5630b4cf539739df2c5dacb4c659f2488d (Uniswap V2: Router 2);0x915f68fdfe1970fc94daa5d1c0dcc89ab6f9f085;1601476764;2020-09-30T17:39:24Z
0x3e70ce4282954a1a74fccf1184fdc0326fade16aeafa4118ff5458f0c10780c2;https://etherscan.io/tx/0x3e70ce4282954a1a74fccf1184fdc0326fade16aeafa4118ff5458f0c10780c2;Withdrawl;UNI-V2;27,98825289807409;UNI-V2;27,98825289807409;;;0;Stake 27.98825289807409 LP tokens UNI-V2;0xa478c2975ab1ea89e8196811f51a7b7ade33eb11 (Uniswap V2: DAI 2);0x915f68fdfe1970fc94daa5d1c0dcc89ab6f9f085;;1601476764;2020-09-30T17:39:24Z
0xcf77e9ddc51858002d2579a645b08c629b0255aa53aad2226fc8279e44eff155;https://etherscan.io/tx/0xcf77e9ddc51858002d2579a645b08c629b0255aa53aad2226fc8279e44eff155;Deposit;UNI;1043,7488656854796;UNI;1043,7488656854796;0x915f68fdfe1970fc94daa5d1c0dcc89ab6f9f085;Ether;0,021331332;Deposit 1043.7488656854796 UNI from Uniswap V2: Router 2;0x915f68fdfe1970fc94daa5d1c0dcc89ab6f9f085;0x7a250d5630b4cf539739df2c5dacb4c659f2488d (Uniswap V2: Router 2);0x915f68fdfe1970fc94daa5d1c0dcc89ab6f9f085;1601476764;2020-09-30T17:39:24Z
0xcf77e9ddc51858002d2579a645b08c629b0255aa53aad2226fc8279e44eff155;https://etherscan.io/tx/0xcf77e9ddc51858002d2579a645b08c629b0255aa53aad2226fc8279e44eff155;Withdrawl;UNI-V2;61,57188600911535;UNI-V2;61,57188600911535;;;0;Stake 61.57188600911535 LP tokens UNI-V2;0xd3d2e2692501a5c9ca623199d38826e513033a17 (Uniswap V2: UNI 30);0x915f68fdfe1970fc94daa5d1c0dcc89ab6f9f085;;1601476764;2020-09-30T17:39:24Z
0xe1c1b97504a1205b6639576a6e21198877d55f7a56e96a78d42f2b21742d269d;https://etherscan.io/tx/0xe1c1b97504a1205b6639576a6e21198877d55f7a56e96a78d42f2b21742d269d;Fee;;0;Ether;0;0x915f68fdfe1970fc94daa5d1c0dcc89ab6f9f085;Ether;0,00544389306674;Approved  UNI For Trade On  Uniswap V2: Router 2;;0x915f68fdfe1970fc94daa5d1c0dcc89ab6f9f085;0x915f68fdfe1970fc94daa5d1c0dcc89ab6f9f085;1601477765;2020-09-30T17:56:05Z
0xa88902eb2e9f45b3017b67d5cbb10795843756031c7aa699c64f3383e98dac7d;https://etherscan.io/tx/0xa88902eb2e9f45b3017b67d5cbb10795843756031c7aa699c64f3383e98dac7d;Fee;;0;Ether;0;0x915f68fdfe1970fc94daa5d1c0dcc89ab6f9f085;Ether;0,0040631239;Approved  eRSDL For Trade On  Uniswap V2: Router 2;;0x915f68fdfe1970fc94daa5d1c0dcc89ab6f9f085;0x915f68fdfe1970fc94daa5d1c0dcc89ab6f9f085;1601566614;2020-10-01T18:36:54Z
0x71fcd466f26dc6c7f9fab3249619eae8394cf536c776c3337afba64bfab58d0f;https://etherscan.io/tx/0x71fcd466f26dc6c7f9fab3249619eae8394cf536c776c3337afba64bfab58d0f;Withdrawl;eRSDL;200000;eRSDL;200000;0x915f68fdfe1970fc94daa5d1c0dcc89ab6f9f085;Ether;0,01209528;Withdrawal 200000 eRSDL to Uniswap V2: eRSDL 2;0x7ba9b94127d434182287de708643932ec036d365 (Uniswap V2: eRSDL 2);0x915f68fdfe1970fc94daa5d1c0dcc89ab6f9f085;0x915f68fdfe1970fc94daa5d1c0dcc89ab6f9f085;1601566711;2020-10-01T18:38:31Z
0x71fcd466f26dc6c7f9fab3249619eae8394cf536c776c3337afba64bfab58d0f;https://etherscan.io/tx/0x71fcd466f26dc6c7f9fab3249619eae8394cf536c776c3337afba64bfab58d0f;Deposit;UNI-V2;291,80956990276184;UNI-V2;291,80956990276184;;;0;UnStake 291.80956990276184 LP tokens UNI-V2;0x915f68fdfe1970fc94daa5d1c0dcc89ab6f9f085;0x0000000000000000000000000000000000000000;;1601566711;2020-10-01T18:38:31Z
0xda89de24953a7b409dbb26c635c80689dd93297e46e821d3fb9956797b0deef3;https://etherscan.io/tx/0xda89de24953a7b409dbb26c635c80689dd93297e46e821d3fb9956797b0deef3;Withdrawl;eRSDL;300000;eRSDL;300000;0x915f68fdfe1970fc94daa5d1c0dcc89ab6f9f085;Ether;0,0054933123644;Withdrawal 300000 eRSDL to Uniswap V2: eRSDL 2;0x7ba9b94127d434182287de708643932ec036d365 (Uniswap V2: eRSDL 2);0x915f68fdfe1970fc94daa5d1c0dcc89ab6f9f085;0x915f68fdfe1970fc94daa5d1c0dcc89ab6f9f085;1601590246;2020-10-02T01:10:46Z
0xda89de24953a7b409dbb26c635c80689dd93297e46e821d3fb9956797b0deef3;https://etherscan.io/tx/0xda89de24953a7b409dbb26c635c80689dd93297e46e821d3fb9956797b0deef3;Deposit;UNI-V2;433,1764556923694;UNI-V2;433,1764556923694;;;0;UnStake 433.1764556923694 LP tokens UNI-V2;0x915f68fdfe1970fc94daa5d1c0dcc89ab6f9f085;0x0000000000000000000000000000000000000000;;1601590246;2020-10-02T01:10:46Z
0x4088b35b289873ef493776a81baf631cf0dee23a097cf150158c17de6f35f19c;https://etherscan.io/tx/0x4088b35b289873ef493776a81baf631cf0dee23a097cf150158c17de6f35f19c;Fee;;0;Ether;0;0x915f68fdfe1970fc94daa5d1c0dcc89ab6f9f085;Ether;0,00186001200008;Approved  UNI-V2 For Trade On  0xf8377270af0c864d2b3bab73bb16c65b05767549;;0x915f68fdfe1970fc94daa5d1c0dcc89ab6f9f085;0x915f68fdfe1970fc94daa5d1c0dcc89ab6f9f085;1601591570;2020-10-02T01:32:50Z
0x7038dd6a0cb4b39487fe1edb282e6751214ba02281dd2d6893227a7bb3558e85;https://etherscan.io/tx/0x7038dd6a0cb4b39487fe1edb282e6751214ba02281dd2d6893227a7bb3558e85;Trade;PICKLE;146,71321248487808;Ether;12;0x915f68fdfe1970fc94daa5d1c0dcc89ab6f9f085;Ether;0,016922928;Swap 12 Ether for 146.71321248487808 PICKLE on Uniswap;0x915f68fdfe1970fc94daa5d1c0dcc89ab6f9f085;0x915f68fdfe1970fc94daa5d1c0dcc89ab6f9f085;0x915f68fdfe1970fc94daa5d1c0dcc89ab6f9f085;1601591657;2020-10-02T01:34:17Z
0x7038dd6a0cb4b39487fe1edb282e6751214ba02281dd2d6893227a7bb3558e85;https://etherscan.io/tx/0x7038dd6a0cb4b39487fe1edb282e6751214ba02281dd2d6893227a7bb3558e85;Trade;Ether;5,97360658376086;PICKLE;73,45962558479377;;;0;Swap 73.45962558479377 PICKLE for 5.97360658376086 Ether on Uniswap;0x915f68fdfe1970fc94daa5d1c0dcc89ab6f9f085;0x915f68fdfe1970fc94daa5d1c0dcc89ab6f9f085;;1601591657;2020-10-02T01:34:17Z
0x7038dd6a0cb4b39487fe1edb282e6751214ba02281dd2d6893227a7bb3558e85;https://etherscan.io/tx/0x7038dd6a0cb4b39487fe1edb282e6751214ba02281dd2d6893227a7bb3558e85;Deposit;UNI-V2;19,63690694634416;UNI-V2;19,63690694634416;;;0;UnStake 19.63690694634416 LP tokens UNI-V2;0x915f68fdfe1970fc94daa5d1c0dcc89ab6f9f085;0x80c5e6908368cb9db503ba968d7ec5a565bfb389 (Zapper.Fi: Uniswap V2 Zap In);;1601591657;2020-10-02T01:34:17Z
0x844f2afaef45e03ec6594b8684dc96b9c321fe8bf2933992de1e5d57e68c4cdd;https://etherscan.io/tx/0x844f2afaef45e03ec6594b8684dc96b9c321fe8bf2933992de1e5d57e68c4cdd;Fee;;0;Ether;0;0x915f68fdfe1970fc94daa5d1c0dcc89ab6f9f085;Ether;0,001936;Approved  WETH For Trade On  Zapper.Fi: Uniswap V2 Zap In;;0x915f68fdfe1970fc94daa5d1c0dcc89ab6f9f085;0x915f68fdfe1970fc94daa5d1c0dcc89ab6f9f085;1601591687;2020-10-02T01:34:47Z
0xadfccf159f73e2b8da4652ccbbabf94cb37a6f3b20ada1c020104ad453697d36;https://etherscan.io/tx/0xadfccf159f73e2b8da4652ccbbabf94cb37a6f3b20ada1c020104ad453697d36;Withdrawl;UNI-V2;724,9860255951313;UNI-V2;724,9860255951313;0x915f68fdfe1970fc94daa5d1c0dcc89ab6f9f085;Ether;0,00540069600025;Stake 724.9860255951313 LP tokens UNI-V2;0xf8377270af0c864d2b3bab73bb16c65b05767549;0x915f68fdfe1970fc94daa5d1c0dcc89ab6f9f085;0x915f68fdfe1970fc94daa5d1c0dcc89ab6f9f085;1601591710;2020-10-02T01:35:10Z
0xad52880347c92b27604397997fc6fc9a9d374aafd00b6dedac9a1307c9a4c8df;https://etherscan.io/tx/0xad52880347c92b27604397997fc6fc9a9d374aafd00b6dedac9a1307c9a4c8df;Trade;PICKLE;40,750306015277104;Ether;3,3839;0x915f68fdfe1970fc94daa5d1c0dcc89ab6f9f085;Ether;0,016893114;Swap 3.3839 Ether for 40.750306015277104 PICKLE on Uniswap;0x915f68fdfe1970fc94daa5d1c0dcc89ab6f9f085;0x915f68fdfe1970fc94daa5d1c0dcc89ab6f9f085;0x915f68fdfe1970fc94daa5d1c0dcc89ab6f9f085;1601593292;2020-10-02T02:01:32Z
0xad52880347c92b27604397997fc6fc9a9d374aafd00b6dedac9a1307c9a4c8df;https://etherscan.io/tx/0xad52880347c92b27604397997fc6fc9a9d374aafd00b6dedac9a1307c9a4c8df;Trade;Ether;1,6843866563457242;PICKLE;20,405205356183163;;;0;Swap 20.405205356183163 PICKLE for 1.6843866563457242 Ether on Uniswap;0x915f68fdfe1970fc94daa5d1c0dcc89ab6f9f085;0x915f68fdfe1970fc94daa5d1c0dcc89ab6f9f085;;1601593292;2020-10-02T02:01:32Z
0xad52880347c92b27604397997fc6fc9a9d374aafd00b6dedac9a1307c9a4c8df;https://etherscan.io/tx/0xad52880347c92b27604397997fc6fc9a9d374aafd00b6dedac9a1307c9a4c8df;Deposit;UNI-V2;5,495229754241035;UNI-V2;5,495229754241035;;;0;UnStake 5.495229754241035 LP tokens UNI-V2;0x915f68fdfe1970fc94daa5d1c0dcc89ab6f9f085;0x80c5e6908368cb9db503ba968d7ec5a565bfb389 (Zapper.Fi: Uniswap V2 Zap In);;1601593292;2020-10-02T02:01:32Z
0xadeb95e291c6b72da6740c5cd20bc2f9841e9a740183cd8304d5d6b7228068f0;https://etherscan.io/tx/0xadeb95e291c6b72da6740c5cd20bc2f9841e9a740183cd8304d5d6b7228068f0;Fee;;0;Ether;0;0x915f68fdfe1970fc94daa5d1c0dcc89ab6f9f085;Ether;0,0019432560675;Loss on fail transaction;;0x915f68fdfe1970fc94daa5d1c0dcc89ab6f9f085;0x915f68fdfe1970fc94daa5d1c0dcc89ab6f9f085;1601593780;2020-10-02T02:09:40Z
0x1930b4706606b32073b684ad8394425f83a3616a7bf8a82bb8cd9a37bc09e5b6;https://etherscan.io/tx/0x1930b4706606b32073b684ad8394425f83a3616a7bf8a82bb8cd9a37bc09e5b6;Fee;;0;Ether;0;0x915f68fdfe1970fc94daa5d1c0dcc89ab6f9f085;Ether;0,00189698806232;Loss on fail transaction;;0x915f68fdfe1970fc94daa5d1c0dcc89ab6f9f085;0x915f68fdfe1970fc94daa5d1c0dcc89ab6f9f085;1601593780;2020-10-02T02:09:40Z
0x3202c55430ab899e2e97565156af730c311c31911b26dff908754eb5c4bed03a;https://etherscan.io/tx/0x3202c55430ab899e2e97565156af730c311c31911b26dff908754eb5c4bed03a;Deposit;PICKLE;20,254868672616848;PICKLE;20,254868672616848;0x915f68fdfe1970fc94daa5d1c0dcc89ab6f9f085;Ether;0,00532311217488;Deposit 20.254868672616848 PICKLE;0x915f68fdfe1970fc94daa5d1c0dcc89ab6f9f085;0xbd17b1ce622d73bd438b9e658aca5996dc394b0d;0x915f68fdfe1970fc94daa5d1c0dcc89ab6f9f085;1601593780;2020-10-02T02:09:40Z
0x3202c55430ab899e2e97565156af730c311c31911b26dff908754eb5c4bed03a;https://etherscan.io/tx/0x3202c55430ab899e2e97565156af730c311c31911b26dff908754eb5c4bed03a;Withdrawl;UNI-V2;25,132136700585193;UNI-V2;25,132136700585193;;;0;Stake 25.132136700585193 LP tokens UNI-V2;0xbd17b1ce622d73bd438b9e658aca5996dc394b0d;0x915f68fdfe1970fc94daa5d1c0dcc89ab6f9f085;;1601593780;2020-10-02T02:09:40Z
0x51baef71d666d1129b4ebbe54992447fa8e4e519a93805f7029a03299a05dddc;https://etherscan.io/tx/0x51baef71d666d1129b4ebbe54992447fa8e4e519a93805f7029a03299a05dddc;Deposit;PICKLE;16,476173457918286;PICKLE;16,476173457918286;0x915f68fdfe1970fc94daa5d1c0dcc89ab6f9f085;Ether;0,0079226576;Deposit 16.476173457918286 PICKLE;0x915f68fdfe1970fc94daa5d1c0dcc89ab6f9f085;0xbd17b1ce622d73bd438b9e658aca5996dc394b0d;0x915f68fdfe1970fc94daa5d1c0dcc89ab6f9f085;1601752023;2020-10-03T22:07:03Z
0x02b463dc573ba34e42499f9becbfacab48ab72c01433c435f3c4d9e06410f473;https://etherscan.io/tx/0x02b463dc573ba34e42499f9becbfacab48ab72c01433c435f3c4d9e06410f473;Fee;;0;Ether;0;0x915f68fdfe1970fc94daa5d1c0dcc89ab6f9f085;Ether;0,0030252156;Approved  DAI For Trade On  Uniswap V2: Router 2;;0x915f68fdfe1970fc94daa5d1c0dcc89ab6f9f085;0x915f68fdfe1970fc94daa5d1c0dcc89ab6f9f085;1601752066;2020-10-03T22:07:46Z
0x678c1342fe303a0e1ae43763835ddbcd821a91688635bcaacf4bd996712a9e66;https://etherscan.io/tx/0x678c1342fe303a0e1ae43763835ddbcd821a91688635bcaacf4bd996712a9e66;Trade;Ether;1,7820150733151772;DAI;618,5331719317172;0x915f68fdfe1970fc94daa5d1c0dcc89ab6f9f085;Ether;0,00608045864138;Swap 618.5331719317172 DAI for 1.7820150733151772 Ether on Uniswap;0x915f68fdfe1970fc94daa5d1c0dcc89ab6f9f085;0x915f68fdfe1970fc94daa5d1c0dcc89ab6f9f085;0x915f68fdfe1970fc94daa5d1c0dcc89ab6f9f085;1601752151;2020-10-03T22:09:11Z
0xa7cc21a84f3280be1e00336ab9d804a1fa7b84e850d107252e9eb14cda5ddfd5;https://etherscan.io/tx/0xa7cc21a84f3280be1e00336ab9d804a1fa7b84e850d107252e9eb14cda5ddfd5;Withdrawl;PICKLE;36,73021429237152;PICKLE;36,73021429237152;0x915f68fdfe1970fc94daa5d1c0dcc89ab6f9f085;Ether;0,009998343;Withdrawal 36.73021429237152 PICKLE to Uniswap V2: PICKLE 2;0xdc98556ce24f007a5ef6dc1ce96322d65832a819 (Uniswap V2: PICKLE 2);0x915f68fdfe1970fc94daa5d1c0dcc89ab6f9f085;0x915f68fdfe1970fc94daa5d1c0dcc89ab6f9f085;1601821162;2020-10-04T17:19:22Z
0xa7cc21a84f3280be1e00336ab9d804a1fa7b84e850d107252e9eb14cda5ddfd5;https://etherscan.io/tx/0xa7cc21a84f3280be1e00336ab9d804a1fa7b84e850d107252e9eb14cda5ddfd5;Deposit;UNI-V2;8,881473353933707;UNI-V2;8,881473353933707;;;0;UnStake 8.881473353933707 LP tokens UNI-V2;0x915f68fdfe1970fc94daa5d1c0dcc89ab6f9f085;0x0000000000000000000000000000000000000000;;1601821162;2020-10-04T17:19:22Z
0x0f84ddbc9ff87f126fbc5a12d65264b6f72b5ae24211971b54c891f43893fb07;https://etherscan.io/tx/0x0f84ddbc9ff87f126fbc5a12d65264b6f72b5ae24211971b54c891f43893fb07;Deposit;PICKLE;12,422985876652726;PICKLE;12,422985876652726;0x915f68fdfe1970fc94daa5d1c0dcc89ab6f9f085;Ether;0,00757812;Deposit 12.422985876652726 PICKLE;0x915f68fdfe1970fc94daa5d1c0dcc89ab6f9f085;0xbd17b1ce622d73bd438b9e658aca5996dc394b0d;0x915f68fdfe1970fc94daa5d1c0dcc89ab6f9f085;1601886531;2020-10-05T11:28:51Z
0x0f84ddbc9ff87f126fbc5a12d65264b6f72b5ae24211971b54c891f43893fb07;https://etherscan.io/tx/0x0f84ddbc9ff87f126fbc5a12d65264b6f72b5ae24211971b54c891f43893fb07;Withdrawl;UNI-V2;8,881473353933707;UNI-V2;8,881473353933707;;;0;Stake 8.881473353933707 LP tokens UNI-V2;0xbd17b1ce622d73bd438b9e658aca5996dc394b0d;0x915f68fdfe1970fc94daa5d1c0dcc89ab6f9f085;;1601886531;2020-10-05T11:28:51Z
0xe71eef68c9cdbbf50b53f13cc1600cd4144c3e10a36f6937aa486ff61a8ba0ff;https://etherscan.io/tx/0xe71eef68c9cdbbf50b53f13cc1600cd4144c3e10a36f6937aa486ff61a8ba0ff;Deposit;eRSDL;618299,8006191981;eRSDL;618299,8006191981;0x915f68fdfe1970fc94daa5d1c0dcc89ab6f9f085;Ether;0,00570347419812;Deposit 618299.8006191981 eRSDL;0x915f68fdfe1970fc94daa5d1c0dcc89ab6f9f085;0xf8377270af0c864d2b3bab73bb16c65b05767549;0x915f68fdfe1970fc94daa5d1c0dcc89ab6f9f085;1602158897;2020-10-08T15:08:17Z
0xb205a560ed9c4f722e10d4af92eba831530b9749de20602463c7052acccac7f5;https://etherscan.io/tx/0xb205a560ed9c4f722e10d4af92eba831530b9749de20602463c7052acccac7f5;Trade;Ether;0,7320056009421759;PICKLE;12,423813714816337;0x915f68fdfe1970fc94daa5d1c0dcc89ab6f9f085;Ether;0,00532134462621;Swap 12.423813714816337 PICKLE for 0.7320056009421759 Ether on Uniswap;0x915f68fdfe1970fc94daa5d1c0dcc89ab6f9f085;0x915f68fdfe1970fc94daa5d1c0dcc89ab6f9f085;0x915f68fdfe1970fc94daa5d1c0dcc89ab6f9f085;1602159692;2020-10-08T15:21:32Z
0x43683ca9e00b82360db070620bbae1cd266fe70a81a1a92c819b5a27d0fc1c54;https://etherscan.io/tx/0x43683ca9e00b82360db070620bbae1cd266fe70a81a1a92c819b5a27d0fc1c54;Deposit;Ether;1,40764386;Ether;1,40764386;0x915f68fdfe1970fc94daa5d1c0dcc89ab6f9f085;Ether;0,001491;Withdraw 1.40764386 Ether From  Binance;0x915f68fdfe1970fc94daa5d1c0dcc89ab6f9f085;0xd551234ae421e3bcba99a0da6d736074f22192ff (Binance 2);0x915f68fdfe1970fc94daa5d1c0dcc89ab6f9f085;1602159971;2020-10-08T15:26:11Z
0x92cb1d3056f7a8f776773f656846edbc8e9ffcf7a1d8c58b5955abc07567d6dc;https://etherscan.io/tx/0x92cb1d3056f7a8f776773f656846edbc8e9ffcf7a1d8c58b5955abc07567d6dc;Withdrawl;eRSDL;618299,8006191981;eRSDL;618299,8006191981;0x915f68fdfe1970fc94daa5d1c0dcc89ab6f9f085;Ether;0,0067226;Withdrawal 618299.8006191981 eRSDL to Uniswap V2: eRSDL 2;0x7ba9b94127d434182287de708643932ec036d365 (Uniswap V2: eRSDL 2);0x915f68fdfe1970fc94daa5d1c0dcc89ab6f9f085;0x915f68fdfe1970fc94daa5d1c0dcc89ab6f9f085;1602161413;2020-10-08T15:50:13Z
0x92cb1d3056f7a8f776773f656846edbc8e9ffcf7a1d8c58b5955abc07567d6dc;https://etherscan.io/tx/0x92cb1d3056f7a8f776773f656846edbc8e9ffcf7a1d8c58b5955abc07567d6dc;Deposit;UNI-V2;1160,4281458930077;UNI-V2;1160,4281458930077;;;0;UnStake 1160.4281458930077 LP tokens UNI-V2;0x915f68fdfe1970fc94daa5d1c0dcc89ab6f9f085;0x0000000000000000000000000000000000000000;;1602161413;2020-10-08T15:50:13Z
0x691675e7396a9a38b94c6d714a18044fa27fbf2c9cf1c96fea0e31365f711be6;https://etherscan.io/tx/0x691675e7396a9a38b94c6d714a18044fa27fbf2c9cf1c96fea0e31365f711be6;Deposit;eRSDL;25265,75773855309;eRSDL;25265,75773855309;0x915f68fdfe1970fc94daa5d1c0dcc89ab6f9f085;Ether;0,00614123;Deposit 25265.75773855309 eRSDL;0x915f68fdfe1970fc94daa5d1c0dcc89ab6f9f085;0xf8377270af0c864d2b3bab73bb16c65b05767549;0x915f68fdfe1970fc94daa5d1c0dcc89ab6f9f085;1602190287;2020-10-08T23:51:27Z
0x691675e7396a9a38b94c6d714a18044fa27fbf2c9cf1c96fea0e31365f711be6;https://etherscan.io/tx/0x691675e7396a9a38b94c6d714a18044fa27fbf2c9cf1c96fea0e31365f711be6;Withdrawl;UNI-V2;1160,4281458930077;UNI-V2;1160,4281458930077;;;0;Stake 1160.4281458930077 LP tokens UNI-V2;0xf8377270af0c864d2b3bab73bb16c65b05767549;0x915f68fdfe1970fc94daa5d1c0dcc89ab6f9f085;;1602190287;2020-10-08T23:51:27Z
0x38117e7572c87e4fff9b5c7a74281714b51b7a33607dd0b2fa7e840eb72fb867;https://etherscan.io/tx/0x38117e7572c87e4fff9b5c7a74281714b51b7a33607dd0b2fa7e840eb72fb867;Withdrawl;eRSDL;25265,75773855309;eRSDL;25265,75773855309;0x915f68fdfe1970fc94daa5d1c0dcc89ab6f9f085;Ether;0,008336024;Withdrawal 25265.75773855309 eRSDL to Uniswap V2: eRSDL 2;0x7ba9b94127d434182287de708643932ec036d365 (Uniswap V2: eRSDL 2);0x915f68fdfe1970fc94daa5d1c0dcc89ab6f9f085;0x915f68fdfe1970fc94daa5d1c0dcc89ab6f9f085;1602195358;2020-10-09T01:15:58Z
0x38117e7572c87e4fff9b5c7a74281714b51b7a33607dd0b2fa7e840eb72fb867;https://etherscan.io/tx/0x38117e7572c87e4fff9b5c7a74281714b51b7a33607dd0b2fa7e840eb72fb867;Deposit;UNI-V2;49,966216403705765;UNI-V2;49,966216403705765;;;0;UnStake 49.966216403705765 LP tokens UNI-V2;0x915f68fdfe1970fc94daa5d1c0dcc89ab6f9f085;0x0000000000000000000000000000000000000000;;1602195358;2020-10-09T01:15:58Z
0xf1253614331b7bd2f5130e1396d4e06712ae68c4c5935a78718b5dadab44a50f;https://etherscan.io/tx/0xf1253614331b7bd2f5130e1396d4e06712ae68c4c5935a78718b5dadab44a50f;Deposit;eRSDL;9880,53690241359;eRSDL;9880,53690241359;0x915f68fdfe1970fc94daa5d1c0dcc89ab6f9f085;Ether;0,0080743824;Deposit 9880.53690241359 eRSDL;0x915f68fdfe1970fc94daa5d1c0dcc89ab6f9f085;0xf8377270af0c864d2b3bab73bb16c65b05767549;0x915f68fdfe1970fc94daa5d1c0dcc89ab6f9f085;1602195407;2020-10-09T01:16:47Z
0xf1253614331b7bd2f5130e1396d4e06712ae68c4c5935a78718b5dadab44a50f;https://etherscan.io/tx/0xf1253614331b7bd2f5130e1396d4e06712ae68c4c5935a78718b5dadab44a50f;Withdrawl;UNI-V2;49,966216403705765;UNI-V2;49,966216403705765;;;0;Stake 49.966216403705765 LP tokens UNI-V2;0xf8377270af0c864d2b3bab73bb16c65b05767549;0x915f68fdfe1970fc94daa5d1c0dcc89ab6f9f085;;1602195407;2020-10-09T01:16:47Z
0xa3a2078d98447c310ad1bae9b242659c45872d667dd6089aeb97634d83235af0;https://etherscan.io/tx/0xa3a2078d98447c310ad1bae9b242659c45872d667dd6089aeb97634d83235af0;Deposit;PICKLE;26,090563825164832;PICKLE;26,090563825164832;0x915f68fdfe1970fc94daa5d1c0dcc89ab6f9f085;Ether;0,00593415;Deposit 26.090563825164832 PICKLE;0x915f68fdfe1970fc94daa5d1c0dcc89ab6f9f085;0xbd17b1ce622d73bd438b9e658aca5996dc394b0d;0x915f68fdfe1970fc94daa5d1c0dcc89ab6f9f085;1602274074;2020-10-09T23:07:54Z
0xe0c8fa906a12dbafa072f7a2121f3ba7636cb965c8534780be1a9ac511c6a055;https://etherscan.io/tx/0xe0c8fa906a12dbafa072f7a2121f3ba7636cb965c8534780be1a9ac511c6a055;Trade;Ether;1,9070344839938211;PICKLE;26,090563825164832;0x915f68fdfe1970fc94daa5d1c0dcc89ab6f9f085;Ether;0,003600448;Swap 26.090563825164832 PICKLE for 1.9070344839938211 Ether on Uniswap;0x915f68fdfe1970fc94daa5d1c0dcc89ab6f9f085;0x915f68fdfe1970fc94daa5d1c0dcc89ab6f9f085;0x915f68fdfe1970fc94daa5d1c0dcc89ab6f9f085;1602274380;2020-10-09T23:13:00Z
0x8a2ca924c7b0257ec02f408650df5cdcd3e1e7e1be08c8d7f237a38915d0797e;https://etherscan.io/tx/0x8a2ca924c7b0257ec02f408650df5cdcd3e1e7e1be08c8d7f237a38915d0797e;Deposit;eRSDL;132499,10630636042;eRSDL;132499,10630636042;0x915f68fdfe1970fc94daa5d1c0dcc89ab6f9f085;Ether;0,00362391;Deposit 132499.10630636042 eRSDL;0x915f68fdfe1970fc94daa5d1c0dcc89ab6f9f085;0xf8377270af0c864d2b3bab73bb16c65b05767549;0x915f68fdfe1970fc94daa5d1c0dcc89ab6f9f085;1602274461;2020-10-09T23:14:21Z
0x5cf8d881ef89899e748d83f366721b78400e876fa10bd1eda014a580fc21cb5e;https://etherscan.io/tx/0x5cf8d881ef89899e748d83f366721b78400e876fa10bd1eda014a580fc21cb5e;Withdrawl;eRSDL;141204,05345937982;eRSDL;141204,05345937982;0x915f68fdfe1970fc94daa5d1c0dcc89ab6f9f085;Ether;0,0044928;Withdrawal 141204.05345937982 eRSDL to Uniswap V2: eRSDL 2;0x7ba9b94127d434182287de708643932ec036d365 (Uniswap V2: eRSDL 2);0x915f68fdfe1970fc94daa5d1c0dcc89ab6f9f085;0x915f68fdfe1970fc94daa5d1c0dcc89ab6f9f085;1602283464;2020-10-10T01:44:24Z
0x5cf8d881ef89899e748d83f366721b78400e876fa10bd1eda014a580fc21cb5e;https://etherscan.io/tx/0x5cf8d881ef89899e748d83f366721b78400e876fa10bd1eda014a580fc21cb5e;Deposit;UNI-V2;299,0535365988272;UNI-V2;299,0535365988272;;;0;UnStake 299.0535365988272 LP tokens UNI-V2;0x915f68fdfe1970fc94daa5d1c0dcc89ab6f9f085;0x0000000000000000000000000000000000000000;;1602283464;2020-10-10T01:44:24Z
0xcaa1ad2dc2695ca0ac698b349cef75e8ff0b78132c978653e4a02109bc2b6507;https://etherscan.io/tx/0xcaa1ad2dc2695ca0ac698b349cef75e8ff0b78132c978653e4a02109bc2b6507;Deposit;eRSDL;207997,9143688441;eRSDL;207997,9143688441;0x915f68fdfe1970fc94daa5d1c0dcc89ab6f9f085;Ether;0,00298972575;Deposit 207997.9143688441 eRSDL;0x915f68fdfe1970fc94daa5d1c0dcc89ab6f9f085;0xf8377270af0c864d2b3bab73bb16c65b05767549;0x915f68fdfe1970fc94daa5d1c0dcc89ab6f9f085;1602416268;2020-10-11T14:37:48Z
0xb985ddd847cac92ac3672e6ef0e9cc79d3e4f6da79015a5f2eeccc8f135bdc86;https://etherscan.io/tx/0xb985ddd847cac92ac3672e6ef0e9cc79d3e4f6da79015a5f2eeccc8f135bdc86;Deposit;eRSDL;16,739820316627874;eRSDL;16,739820316627874;0x915f68fdfe1970fc94daa5d1c0dcc89ab6f9f085;Ether;0,00521422;Deposit 16.739820316627874 eRSDL;0x915f68fdfe1970fc94daa5d1c0dcc89ab6f9f085;0xf8377270af0c864d2b3bab73bb16c65b05767549;0x915f68fdfe1970fc94daa5d1c0dcc89ab6f9f085;1602416270;2020-10-11T14:37:50Z
0xb985ddd847cac92ac3672e6ef0e9cc79d3e4f6da79015a5f2eeccc8f135bdc86;https://etherscan.io/tx/0xb985ddd847cac92ac3672e6ef0e9cc79d3e4f6da79015a5f2eeccc8f135bdc86;Withdrawl;UNI-V2;299,0535365988272;UNI-V2;299,0535365988272;;;0;Stake 299.0535365988272 LP tokens UNI-V2;0xf8377270af0c864d2b3bab73bb16c65b05767549;0x915f68fdfe1970fc94daa5d1c0dcc89ab6f9f085;;1602416270;2020-10-11T14:37:50Z
0xe1f56337e373b2dd2eca8d95ccb83654d9964eebea43f682872450bd427ea4ad;https://etherscan.io/tx/0xe1f56337e373b2dd2eca8d95ccb83654d9964eebea43f682872450bd427ea4ad;Withdrawl;eRSDL;209190,24393855492;eRSDL;209190,24393855492;0x915f68fdfe1970fc94daa5d1c0dcc89ab6f9f085;Ether;0,003764656;Withdrawal 209190.24393855492 eRSDL to Uniswap V2: eRSDL 2;0x7ba9b94127d434182287de708643932ec036d365 (Uniswap V2: eRSDL 2);0x915f68fdfe1970fc94daa5d1c0dcc89ab6f9f085;0x915f68fdfe1970fc94daa5d1c0dcc89ab6f9f085;1602417274;2020-10-11T14:54:34Z
0xe1f56337e373b2dd2eca8d95ccb83654d9964eebea43f682872450bd427ea4ad;https://etherscan.io/tx/0xe1f56337e373b2dd2eca8d95ccb83654d9964eebea43f682872450bd427ea4ad;Deposit;UNI-V2;500,5110739545712;UNI-V2;500,5110739545712;;;0;UnStake 500.5110739545712 LP tokens UNI-V2;0x915f68fdfe1970fc94daa5d1c0dcc89ab6f9f085;0x0000000000000000000000000000000000000000;;1602417274;2020-10-11T14:54:34Z
0xa5b6330448967761d1110c2a32003022c6be8513c6602ef9342b1f5ef24cb470;https://etherscan.io/tx/0xa5b6330448967761d1110c2a32003022c6be8513c6602ef9342b1f5ef24cb470;Deposit;eRSDL;1869,8286097029616;eRSDL;1869,8286097029616;0x915f68fdfe1970fc94daa5d1c0dcc89ab6f9f085;Ether;0,00373814;Deposit 1869.8286097029616 eRSDL;0x915f68fdfe1970fc94daa5d1c0dcc89ab6f9f085;0xf8377270af0c864d2b3bab73bb16c65b05767549;0x915f68fdfe1970fc94daa5d1c0dcc89ab6f9f085;1602417716;2020-10-11T15:01:56Z
0xa5b6330448967761d1110c2a32003022c6be8513c6602ef9342b1f5ef24cb470;https://etherscan.io/tx/0xa5b6330448967761d1110c2a32003022c6be8513c6602ef9342b1f5ef24cb470;Withdrawl;UNI-V2;500,5110739545712;UNI-V2;500,5110739545712;;;0;Stake 500.5110739545712 LP tokens UNI-V2;0xf8377270af0c864d2b3bab73bb16c65b05767549;0x915f68fdfe1970fc94daa5d1c0dcc89ab6f9f085;;1602417716;2020-10-11T15:01:56Z
0x1d08e8f33b6cdf151b69f2cd0d486eba90df1bfd86b5225d5e9514ad4eb96663;https://etherscan.io/tx/0x1d08e8f33b6cdf151b69f2cd0d486eba90df1bfd86b5225d5e9514ad4eb96663;Deposit;eRSDL;559217,7753928477;eRSDL;559217,7753928477;0x915f68fdfe1970fc94daa5d1c0dcc89ab6f9f085;Ether;0,003382557594;Deposit 559217.7753928477 eRSDL;0x915f68fdfe1970fc94daa5d1c0dcc89ab6f9f085;0xf8377270af0c864d2b3bab73bb16c65b05767549;0x915f68fdfe1970fc94daa5d1c0dcc89ab6f9f085;1602711711;2020-10-15T00:41:51Z
